{"v":"5.7.8","fr":24,"ip":0,"op":171,"w":1000,"h":1000,"nm":"SDGsRING","ddd":0,"assets":[],"layers":[{"ddd":0,"ind":1,"ty":4,"nm":"Ring - 17","sr":1,"ks":{"o":{"a":0,"k":100,"ix":11},"r":{"a":0,"k":0,"ix":10},"p":{"a":0,"k":[796.555,401.479,0],"ix":2,"l":2},"a":{"a":0,"k":[402.881,254.027,0],"ix":1,"l":2},"s":{"a":0,"k":[2580,2580,100],"ix":6,"l":2}},"ao":0,"shapes":[{"ty":"gr","it":[{"ind":0,"ty":"sh","ix":1,"ks":{"a":0,"k":{"i":[[0.617,1.374],[0,0],[-0.111,-0.851],[0,0]],"o":[[0,0],[0.352,0.783],[0,0],[-0.194,-1.494]],"v":[[405.294,251.437],[399.245,254.153],[399.943,256.616],[406.517,255.762]],"c":true},"ix":2},"nm":"Path 1","mn":"ADBE Vector Shape - Group","hd":false},{"ty":"fl","c":{"k":[{"s":[0.922,0.11,0.176,1],"t":9,"i":{"x":[1],"y":[1]},"o":{"x":[0],"y":[0]}},{"s":[0.882,0.078,0.518,1],"t":10,"i":{"x":[1],"y":[1]},"o":{"x":[0],"y":[0]}},{"s":[0.882,0.078,0.518,1],"t":19,"i":{"x":[1],"y":[1]},"o":{"x":[0],"y":[0]}},{"s":[0.827,0.627,0.161,1],"t":20,"i":{"x":[1],"y":[1]},"o":{"x":[0],"y":[0]}},{"s":[0.827,0.627,0.161,1],"t":29,"i":{"x":[1],"y":[1]},"o":{"x":[0],"y":[0]}},{"s":[0.561,0.094,0.22,1],"t":30,"i":{"x":[1],"y":[1]},"o":{"x":[0],"y":[0]}},{"s":[0.561,0.094,0.22,1],"t":39,"i":{"x":[1],"y":[1]},"o":{"x":[0],"y":[0]}},{"s":[0.812,0.553,0.165,1],"t":40,"i":{"x":[1],"y":[1]},"o":{"x":[0],"y":[0]}},{"s":[0.812,0.553,0.165,1],"t":49,"i":{"x":[1],"y":[1]},"o":{"x":[0],"y":[0]}},{"s":[0,0.49,0.737,1],"t":50,"i":{"x":[1],"y":[1]},"o":{"x":[0],"y":[0]}},{"s":[0,0.49,0.737,1],"t":59,"i":{"x":[1],"y":[1]},"o":{"x":[0],"y":[0]}},{"s":[0.953,0.427,0.145,1],"t":60,"i":{"x":[1],"y":[1]},"o":{"x":[0],"y":[0]}},{"s":[0.953,0.427,0.145,1],"t":69,"i":{"x":[1],"y":[1]},"o":{"x":[0],"y":[0]}},{"s":[0.365,0.733,0.275,1],"t":70,"i":{"x":[1],"y":[1]},"o":{"x":[0],"y":[0]}},{"s":[0.365,0.733,0.275,1],"t":79,"i":{"x":[1],"y":[1]},"o":{"x":[0],"y":[0]}},{"s":[0.992,0.718,0.075,1],"t":80,"i":{"x":[1],"y":[1]},"o":{"x":[0],"y":[0]}},{"s":[0.992,0.718,0.075,1],"t":89,"i":{"x":[1],"y":[1]},"o":{"x":[0],"y":[0]}},{"s":[0.282,0.467,0.243,1],"t":90,"i":{"x":[1],"y":[1]},"o":{"x":[0],"y":[0]}},{"s":[0.282,0.467,0.243,1],"t":99,"i":{"x":[1],"y":[1]},"o":{"x":[0],"y":[0]}},{"s":[0.922,0.11,0.176,1],"t":100,"i":{"x":[1],"y":[1]},"o":{"x":[0],"y":[0]}},{"s":[0.922,0.11,0.176,1],"t":109,"i":{"x":[1],"y":[1]},"o":{"x":[0],"y":[0]}},{"s":[0.882,0.078,0.518,1],"t":110,"i":{"x":[1],"y":[1]},"o":{"x":[0],"y":[0]}},{"s":[0.882,0.078,0.518,1],"t":119,"i":{"x":[1],"y":[1]},"o":{"x":[0],"y":[0]}},{"s":[0.827,0.627,0.161,1],"t":120,"i":{"x":[1],"y":[1]},"o":{"x":[0],"y":[0]}},{"s":[0.827,0.627,0.161,1],"t":129,"i":{"x":[1],"y":[1]},"o":{"x":[0],"y":[0]}},{"s":[0.561,0.094,0.22,1],"t":130,"i":{"x":[1],"y":[1]},"o":{"x":[0],"y":[0]}},{"s":[0.561,0.094,0.22,1],"t":139,"i":{"x":[1],"y":[1]},"o":{"x":[0],"y":[0]}},{"s":[0.812,0.553,0.165,1],"t":140,"i":{"x":[1],"y":[1]},"o":{"x":[0],"y":[0]}},{"s":[0.812,0.553,0.165,1],"t":148,"i":{"x":[1],"y":[1]},"o":{"x":[0],"y":[0]}},{"s":[0,0.49,0.737,1],"t":149,"i":{"x":[1],"y":[1]},"o":{"x":[0],"y":[0]}},{"s":[0,0.49,0.737,1],"t":159,"i":{"x":[1],"y":[1]},"o":{"x":[0],"y":[0]}},{"s":[0.953,0.427,0.145,1],"t":160,"i":{"x":[1],"y":[1]},"o":{"x":[0],"y":[0]}}]},"o":{"a":0,"k":100,"ix":5},"r":1,"bm":0,"nm":"Fill 1","mn":"ADBE Vector Graphic - Fill","hd":false},{"ty":"tr","p":{"a":0,"k":[0,0],"ix":2},"a":{"a":0,"k":[0,0],"ix":1},"s":{"a":0,"k":[100,100],"ix":3},"r":{"a":0,"k":0,"ix":6},"o":{"a":0,"k":100,"ix":7},"sk":{"a":0,"k":0,"ix":4},"sa":{"a":0,"k":0,"ix":5},"nm":"Transform"}],"nm":"17","np":2,"cix":2,"bm":0,"ix":1,"mn":"ADBE Vector Group","hd":false}],"ip":0,"op":384,"st":0,"bm":0},{"ddd":0,"ind":2,"ty":4,"nm":"Ring - 16","sr":1,"ks":{"o":{"a":0,"k":100,"ix":11},"r":{"a":0,"k":0,"ix":10},"p":{"a":0,"k":[750.249,301.853,0],"ix":2,"l":2},"a":{"a":0,"k":[401.087,250.165,0],"ix":1,"l":2},"s":{"a":0,"k":[2580,2580,100],"ix":6,"l":2}},"ao":0,"shapes":[{"ty":"gr","it":[{"ind":0,"ty":"sh","ix":1,"ks":{"a":0,"k":{"i":[[1.072,1.058],[0,0],[-0.411,-0.753],[0,0]],"o":[[0,0],[0.611,0.603],[0,0],[-0.721,-1.323]],"v":[[402.065,246.784],[397.405,251.501],[398.946,253.546],[404.768,250.375]],"c":true},"ix":2},"nm":"Path 1","mn":"ADBE Vector Shape - Group","hd":false},{"ty":"fl","c":{"k":[{"s":[0.922,0.11,0.176,1],"t":19,"i":{"x":[1],"y":[1]},"o":{"x":[0],"y":[0]}},{"s":[0.882,0.078,0.518,1],"t":20,"i":{"x":[1],"y":[1]},"o":{"x":[0],"y":[0]}},{"s":[0.882,0.078,0.518,1],"t":29,"i":{"x":[1],"y":[1]},"o":{"x":[0],"y":[0]}},{"s":[0.827,0.627,0.161,1],"t":30,"i":{"x":[1],"y":[1]},"o":{"x":[0],"y":[0]}},{"s":[0.827,0.627,0.161,1],"t":39,"i":{"x":[1],"y":[1]},"o":{"x":[0],"y":[0]}},{"s":[0.561,0.094,0.22,1],"t":40,"i":{"x":[1],"y":[1]},"o":{"x":[0],"y":[0]}},{"s":[0.561,0.094,0.22,1],"t":49,"i":{"x":[1],"y":[1]},"o":{"x":[0],"y":[0]}},{"s":[0.812,0.553,0.165,1],"t":50,"i":{"x":[1],"y":[1]},"o":{"x":[0],"y":[0]}},{"s":[0.812,0.553,0.165,1],"t":59,"i":{"x":[1],"y":[1]},"o":{"x":[0],"y":[0]}},{"s":[0,0.49,0.737,1],"t":60,"i":{"x":[1],"y":[1]},"o":{"x":[0],"y":[0]}},{"s":[0,0.49,0.737,1],"t":69,"i":{"x":[1],"y":[1]},"o":{"x":[0],"y":[0]}},{"s":[0.953,0.427,0.145,1],"t":70,"i":{"x":[1],"y":[1]},"o":{"x":[0],"y":[0]}},{"s":[0.953,0.427,0.145,1],"t":79,"i":{"x":[1],"y":[1]},"o":{"x":[0],"y":[0]}},{"s":[0.365,0.733,0.275,1],"t":80,"i":{"x":[1],"y":[1]},"o":{"x":[0],"y":[0]}},{"s":[0.365,0.733,0.275,1],"t":89,"i":{"x":[1],"y":[1]},"o":{"x":[0],"y":[0]}},{"s":[0.992,0.718,0.075,1],"t":90,"i":{"x":[1],"y":[1]},"o":{"x":[0],"y":[0]}},{"s":[0.992,0.718,0.075,1],"t":99,"i":{"x":[1],"y":[1]},"o":{"x":[0],"y":[0]}},{"s":[0.282,0.467,0.243,1],"t":100,"i":{"x":[1],"y":[1]},"o":{"x":[0],"y":[0]}},{"s":[0.282,0.467,0.243,1],"t":109,"i":{"x":[1],"y":[1]},"o":{"x":[0],"y":[0]}},{"s":[0.922,0.11,0.176,1],"t":110,"i":{"x":[1],"y":[1]},"o":{"x":[0],"y":[0]}},{"s":[0.922,0.11,0.176,1],"t":119,"i":{"x":[1],"y":[1]},"o":{"x":[0],"y":[0]}},{"s":[0.882,0.078,0.518,1],"t":120,"i":{"x":[1],"y":[1]},"o":{"x":[0],"y":[0]}},{"s":[0.882,0.078,0.518,1],"t":129,"i":{"x":[1],"y":[1]},"o":{"x":[0],"y":[0]}},{"s":[0.827,0.627,0.161,1],"t":130,"i":{"x":[1],"y":[1]},"o":{"x":[0],"y":[0]}},{"s":[0.827,0.627,0.161,1],"t":139,"i":{"x":[1],"y":[1]},"o":{"x":[0],"y":[0]}},{"s":[0.561,0.094,0.22,1],"t":140,"i":{"x":[1],"y":[1]},"o":{"x":[0],"y":[0]}},{"s":[0.561,0.094,0.22,1],"t":148,"i":{"x":[1],"y":[1]},"o":{"x":[0],"y":[0]}},{"s":[0.812,0.553,0.165,1],"t":149,"i":{"x":[1],"y":[1]},"o":{"x":[0],"y":[0]}},{"s":[0.812,0.553,0.165,1],"t":159,"i":{"x":[1],"y":[1]},"o":{"x":[0],"y":[0]}},{"s":[0,0.49,0.737,1],"t":160,"i":{"x":[1],"y":[1]},"o":{"x":[0],"y":[0]}}]},"o":{"a":0,"k":100,"ix":5},"r":1,"bm":0,"nm":"Fill 1","mn":"ADBE Vector Graphic - Fill","hd":false},{"ty":"tr","p":{"a":0,"k":[0,0],"ix":2},"a":{"a":0,"k":[0,0],"ix":1},"s":{"a":0,"k":[100,100],"ix":3},"r":{"a":0,"k":0,"ix":6},"o":{"a":0,"k":100,"ix":7},"sk":{"a":0,"k":0,"ix":4},"sa":{"a":0,"k":0,"ix":5},"nm":"Transform"}],"nm":"16","np":2,"cix":2,"bm":0,"ix":1,"mn":"ADBE Vector Group","hd":false}],"ip":0,"op":384,"st":0,"bm":0},{"ddd":0,"ind":3,"ty":4,"nm":"Ring - 15","sr":1,"ks":{"o":{"a":0,"k":100,"ix":11},"r":{"a":0,"k":0,"ix":10},"p":{"a":0,"k":[669.612,228.649,0],"ix":2,"l":2},"a":{"a":0,"k":[397.961,247.328,0],"ix":1,"l":2},"s":{"a":0,"k":[2580,2580,100],"ix":6,"l":2}},"ao":0,"shapes":[{"ty":"gr","it":[{"ind":0,"ty":"sh","ix":1,"ks":{"a":0,"k":{"i":[[0,0],[0,0],[-0.655,-0.554],[0,0],[1.382,0.6]],"o":[[0,0],[0.787,0.342],[0,0],[-1.15,-0.973],[0,0]],"v":[[397.373,243.611],[394.732,249.694],[396.908,251.044],[401.19,245.983],[397.373,243.611]],"c":true},"ix":2},"nm":"Path 1","mn":"ADBE Vector Shape - Group","hd":false},{"ty":"fl","c":{"k":[{"s":[0.882,0.078,0.518,1],"t":9,"i":{"x":[1],"y":[1]},"o":{"x":[0],"y":[0]}},{"s":[0.827,0.627,0.161,1],"t":10,"i":{"x":[1],"y":[1]},"o":{"x":[0],"y":[0]}},{"s":[0.827,0.627,0.161,1],"t":19,"i":{"x":[1],"y":[1]},"o":{"x":[0],"y":[0]}},{"s":[0.561,0.094,0.22,1],"t":20,"i":{"x":[1],"y":[1]},"o":{"x":[0],"y":[0]}},{"s":[0.561,0.094,0.22,1],"t":29,"i":{"x":[1],"y":[1]},"o":{"x":[0],"y":[0]}},{"s":[0.812,0.553,0.165,1],"t":30,"i":{"x":[1],"y":[1]},"o":{"x":[0],"y":[0]}},{"s":[0.812,0.553,0.165,1],"t":39,"i":{"x":[1],"y":[1]},"o":{"x":[0],"y":[0]}},{"s":[0,0.49,0.737,1],"t":40,"i":{"x":[1],"y":[1]},"o":{"x":[0],"y":[0]}},{"s":[0,0.49,0.737,1],"t":49,"i":{"x":[1],"y":[1]},"o":{"x":[0],"y":[0]}},{"s":[0.953,0.427,0.145,1],"t":50,"i":{"x":[1],"y":[1]},"o":{"x":[0],"y":[0]}},{"s":[0.953,0.427,0.145,1],"t":59,"i":{"x":[1],"y":[1]},"o":{"x":[0],"y":[0]}},{"s":[0.365,0.733,0.275,1],"t":60,"i":{"x":[1],"y":[1]},"o":{"x":[0],"y":[0]}},{"s":[0.365,0.733,0.275,1],"t":69,"i":{"x":[1],"y":[1]},"o":{"x":[0],"y":[0]}},{"s":[0.992,0.718,0.075,1],"t":70,"i":{"x":[1],"y":[1]},"o":{"x":[0],"y":[0]}},{"s":[0.992,0.718,0.075,1],"t":79,"i":{"x":[1],"y":[1]},"o":{"x":[0],"y":[0]}},{"s":[0.282,0.467,0.243,1],"t":80,"i":{"x":[1],"y":[1]},"o":{"x":[0],"y":[0]}},{"s":[0.282,0.467,0.243,1],"t":89,"i":{"x":[1],"y":[1]},"o":{"x":[0],"y":[0]}},{"s":[0.922,0.11,0.176,1],"t":90,"i":{"x":[1],"y":[1]},"o":{"x":[0],"y":[0]}},{"s":[0.922,0.11,0.176,1],"t":99,"i":{"x":[1],"y":[1]},"o":{"x":[0],"y":[0]}},{"s":[0.882,0.078,0.518,1],"t":100,"i":{"x":[1],"y":[1]},"o":{"x":[0],"y":[0]}},{"s":[0.882,0.078,0.518,1],"t":109,"i":{"x":[1],"y":[1]},"o":{"x":[0],"y":[0]}},{"s":[0.827,0.627,0.161,1],"t":110,"i":{"x":[1],"y":[1]},"o":{"x":[0],"y":[0]}},{"s":[0.827,0.627,0.161,1],"t":119,"i":{"x":[1],"y":[1]},"o":{"x":[0],"y":[0]}},{"s":[0.561,0.094,0.22,1],"t":120,"i":{"x":[1],"y":[1]},"o":{"x":[0],"y":[0]}},{"s":[0.561,0.094,0.22,1],"t":129,"i":{"x":[1],"y":[1]},"o":{"x":[0],"y":[0]}},{"s":[0.812,0.553,0.165,1],"t":130,"i":{"x":[1],"y":[1]},"o":{"x":[0],"y":[0]}},{"s":[0.812,0.553,0.165,1],"t":139,"i":{"x":[1],"y":[1]},"o":{"x":[0],"y":[0]}},{"s":[0,0.49,0.737,1],"t":140,"i":{"x":[1],"y":[1]},"o":{"x":[0],"y":[0]}},{"s":[0,0.49,0.737,1],"t":148,"i":{"x":[1],"y":[1]},"o":{"x":[0],"y":[0]}},{"s":[0.953,0.427,0.145,1],"t":149,"i":{"x":[1],"y":[1]},"o":{"x":[0],"y":[0]}},{"s":[0.953,0.427,0.145,1],"t":159,"i":{"x":[1],"y":[1]},"o":{"x":[0],"y":[0]}},{"s":[0.365,0.733,0.275,1],"t":160,"i":{"x":[1],"y":[1]},"o":{"x":[0],"y":[0]}}]},"o":{"a":0,"k":100,"ix":5},"r":1,"bm":0,"nm":"Fill 1","mn":"ADBE Vector Graphic - Fill","hd":false},{"ty":"tr","p":{"a":0,"k":[0,0],"ix":2},"a":{"a":0,"k":[0,0],"ix":1},"s":{"a":0,"k":[100,100],"ix":3},"r":{"a":0,"k":0,"ix":6},"o":{"a":0,"k":100,"ix":7},"sk":{"a":0,"k":0,"ix":4},"sa":{"a":0,"k":0,"ix":5},"nm":"Transform"}],"nm":"15","np":2,"cix":2,"bm":0,"ix":1,"mn":"ADBE Vector Group","hd":false}],"ip":0,"op":384,"st":0,"bm":0},{"ddd":0,"ind":4,"ty":4,"nm":"Ring - 14","sr":1,"ks":{"o":{"a":0,"k":100,"ix":11},"r":{"a":0,"k":0,"ix":10},"p":{"a":0,"k":[565.534,191.752,0],"ix":2,"l":2},"a":{"a":0,"k":[393.927,245.898,0],"ix":1,"l":2},"s":{"a":0,"k":[2580,2580,100],"ix":6,"l":2}},"ao":0,"shapes":[{"ty":"gr","it":[{"ind":0,"ty":"sh","ix":1,"ks":{"a":0,"k":{"i":[[1.505,0.06],[0,0],[-0.811,-0.28],[0,0]],"o":[[0,0],[0.857,0.034],[0,0],[-1.424,-0.492]],"v":[[391.852,242.348],[391.586,248.974],[394.103,249.447],[396.268,243.181]],"c":true},"ix":2},"nm":"Path 1","mn":"ADBE Vector Shape - Group","hd":false},{"ty":"fl","c":{"k":[{"s":[0.827,0.627,0.161,1],"t":9,"i":{"x":[1],"y":[1]},"o":{"x":[0],"y":[0]}},{"s":[0.561,0.094,0.22,1],"t":10,"i":{"x":[1],"y":[1]},"o":{"x":[0],"y":[0]}},{"s":[0.561,0.094,0.22,1],"t":19,"i":{"x":[1],"y":[1]},"o":{"x":[0],"y":[0]}},{"s":[0.812,0.553,0.165,1],"t":20,"i":{"x":[1],"y":[1]},"o":{"x":[0],"y":[0]}},{"s":[0.812,0.553,0.165,1],"t":29,"i":{"x":[1],"y":[1]},"o":{"x":[0],"y":[0]}},{"s":[0,0.49,0.737,1],"t":30,"i":{"x":[1],"y":[1]},"o":{"x":[0],"y":[0]}},{"s":[0,0.49,0.737,1],"t":39,"i":{"x":[1],"y":[1]},"o":{"x":[0],"y":[0]}},{"s":[0.953,0.427,0.145,1],"t":40,"i":{"x":[1],"y":[1]},"o":{"x":[0],"y":[0]}},{"s":[0.953,0.427,0.145,1],"t":49,"i":{"x":[1],"y":[1]},"o":{"x":[0],"y":[0]}},{"s":[0.365,0.733,0.275,1],"t":50,"i":{"x":[1],"y":[1]},"o":{"x":[0],"y":[0]}},{"s":[0.365,0.733,0.275,1],"t":59,"i":{"x":[1],"y":[1]},"o":{"x":[0],"y":[0]}},{"s":[0.992,0.718,0.075,1],"t":60,"i":{"x":[1],"y":[1]},"o":{"x":[0],"y":[0]}},{"s":[0.992,0.718,0.075,1],"t":69,"i":{"x":[1],"y":[1]},"o":{"x":[0],"y":[0]}},{"s":[0.282,0.467,0.243,1],"t":70,"i":{"x":[1],"y":[1]},"o":{"x":[0],"y":[0]}},{"s":[0.282,0.467,0.243,1],"t":79,"i":{"x":[1],"y":[1]},"o":{"x":[0],"y":[0]}},{"s":[0.922,0.11,0.176,1],"t":80,"i":{"x":[1],"y":[1]},"o":{"x":[0],"y":[0]}},{"s":[0.922,0.11,0.176,1],"t":89,"i":{"x":[1],"y":[1]},"o":{"x":[0],"y":[0]}},{"s":[0.882,0.078,0.518,1],"t":90,"i":{"x":[1],"y":[1]},"o":{"x":[0],"y":[0]}},{"s":[0.882,0.078,0.518,1],"t":99,"i":{"x":[1],"y":[1]},"o":{"x":[0],"y":[0]}},{"s":[0.827,0.627,0.161,1],"t":100,"i":{"x":[1],"y":[1]},"o":{"x":[0],"y":[0]}},{"s":[0.827,0.627,0.161,1],"t":109,"i":{"x":[1],"y":[1]},"o":{"x":[0],"y":[0]}},{"s":[0.561,0.094,0.22,1],"t":110,"i":{"x":[1],"y":[1]},"o":{"x":[0],"y":[0]}},{"s":[0.561,0.094,0.22,1],"t":119,"i":{"x":[1],"y":[1]},"o":{"x":[0],"y":[0]}},{"s":[0.812,0.553,0.165,1],"t":120,"i":{"x":[1],"y":[1]},"o":{"x":[0],"y":[0]}},{"s":[0.812,0.553,0.165,1],"t":129,"i":{"x":[1],"y":[1]},"o":{"x":[0],"y":[0]}},{"s":[0,0.49,0.737,1],"t":130,"i":{"x":[1],"y":[1]},"o":{"x":[0],"y":[0]}},{"s":[0,0.49,0.737,1],"t":139,"i":{"x":[1],"y":[1]},"o":{"x":[0],"y":[0]}},{"s":[0.953,0.427,0.145,1],"t":140,"i":{"x":[1],"y":[1]},"o":{"x":[0],"y":[0]}},{"s":[0.953,0.427,0.145,1],"t":148,"i":{"x":[1],"y":[1]},"o":{"x":[0],"y":[0]}},{"s":[0.365,0.733,0.275,1],"t":149,"i":{"x":[1],"y":[1]},"o":{"x":[0],"y":[0]}},{"s":[0.365,0.733,0.275,1],"t":159,"i":{"x":[1],"y":[1]},"o":{"x":[0],"y":[0]}},{"s":[0.992,0.718,0.075,1],"t":160,"i":{"x":[1],"y":[1]},"o":{"x":[0],"y":[0]}}]},"o":{"a":0,"k":100,"ix":5},"r":1,"bm":0,"nm":"Fill 1","mn":"ADBE Vector Graphic - Fill","hd":false},{"ty":"tr","p":{"a":0,"k":[0,0],"ix":2},"a":{"a":0,"k":[0,0],"ix":1},"s":{"a":0,"k":[100,100],"ix":3},"r":{"a":0,"k":0,"ix":6},"o":{"a":0,"k":100,"ix":7},"sk":{"a":0,"k":0,"ix":4},"sa":{"a":0,"k":0,"ix":5},"nm":"Transform"}],"nm":"14","np":2,"cix":2,"bm":0,"ix":1,"mn":"ADBE Vector Group","hd":false}],"ip":0,"op":384,"st":0,"bm":0},{"ddd":0,"ind":5,"ty":4,"nm":"Ring - 13","sr":1,"ks":{"o":{"a":0,"k":100,"ix":11},"r":{"a":0,"k":0,"ix":10},"p":{"a":0,"k":[427.544,191.617,0],"ix":2,"l":2},"a":{"a":0,"k":[388.579,245.892,0],"ix":1,"l":2},"s":{"a":0,"k":[2580,2580,100],"ix":6,"l":2}},"ao":0,"shapes":[{"ty":"gr","it":[{"ind":0,"ty":"sh","ix":1,"ks":{"a":0,"k":{"i":[[0,0],[0,0],[-0.858,0.032],[0,0],[1.425,-0.487]],"o":[[0,0],[0.812,-0.278],[0,0],[-1.505,0.056],[0,0]],"v":[[386.247,243.165],[388.393,249.439],[390.91,248.971],[390.666,242.346],[386.247,243.165]],"c":true},"ix":2},"nm":"Path 1","mn":"ADBE Vector Shape - Group","hd":false},{"ty":"fl","c":{"k":[{"s":[0.561,0.094,0.22,1],"t":9,"i":{"x":[1],"y":[1]},"o":{"x":[0],"y":[0]}},{"s":[0.812,0.553,0.165,1],"t":10,"i":{"x":[1],"y":[1]},"o":{"x":[0],"y":[0]}},{"s":[0.812,0.553,0.165,1],"t":19,"i":{"x":[1],"y":[1]},"o":{"x":[0],"y":[0]}},{"s":[0,0.49,0.737,1],"t":20,"i":{"x":[1],"y":[1]},"o":{"x":[0],"y":[0]}},{"s":[0,0.49,0.737,1],"t":29,"i":{"x":[1],"y":[1]},"o":{"x":[0],"y":[0]}},{"s":[0.953,0.427,0.145,1],"t":30,"i":{"x":[1],"y":[1]},"o":{"x":[0],"y":[0]}},{"s":[0.953,0.427,0.145,1],"t":39,"i":{"x":[1],"y":[1]},"o":{"x":[0],"y":[0]}},{"s":[0.365,0.733,0.275,1],"t":40,"i":{"x":[1],"y":[1]},"o":{"x":[0],"y":[0]}},{"s":[0.365,0.733,0.275,1],"t":49,"i":{"x":[1],"y":[1]},"o":{"x":[0],"y":[0]}},{"s":[0.992,0.718,0.075,1],"t":50,"i":{"x":[1],"y":[1]},"o":{"x":[0],"y":[0]}},{"s":[0.992,0.718,0.075,1],"t":59,"i":{"x":[1],"y":[1]},"o":{"x":[0],"y":[0]}},{"s":[0.282,0.467,0.243,1],"t":60,"i":{"x":[1],"y":[1]},"o":{"x":[0],"y":[0]}},{"s":[0.282,0.467,0.243,1],"t":69,"i":{"x":[1],"y":[1]},"o":{"x":[0],"y":[0]}},{"s":[0.922,0.11,0.176,1],"t":70,"i":{"x":[1],"y":[1]},"o":{"x":[0],"y":[0]}},{"s":[0.922,0.11,0.176,1],"t":79,"i":{"x":[1],"y":[1]},"o":{"x":[0],"y":[0]}},{"s":[0.882,0.078,0.518,1],"t":80,"i":{"x":[1],"y":[1]},"o":{"x":[0],"y":[0]}},{"s":[0.882,0.078,0.518,1],"t":89,"i":{"x":[1],"y":[1]},"o":{"x":[0],"y":[0]}},{"s":[0.827,0.627,0.161,1],"t":90,"i":{"x":[1],"y":[1]},"o":{"x":[0],"y":[0]}},{"s":[0.827,0.627,0.161,1],"t":99,"i":{"x":[1],"y":[1]},"o":{"x":[0],"y":[0]}},{"s":[0.561,0.094,0.22,1],"t":100,"i":{"x":[1],"y":[1]},"o":{"x":[0],"y":[0]}},{"s":[0.561,0.094,0.22,1],"t":109,"i":{"x":[1],"y":[1]},"o":{"x":[0],"y":[0]}},{"s":[0.812,0.553,0.165,1],"t":110,"i":{"x":[1],"y":[1]},"o":{"x":[0],"y":[0]}},{"s":[0.812,0.553,0.165,1],"t":119,"i":{"x":[1],"y":[1]},"o":{"x":[0],"y":[0]}},{"s":[0,0.49,0.737,1],"t":120,"i":{"x":[1],"y":[1]},"o":{"x":[0],"y":[0]}},{"s":[0,0.49,0.737,1],"t":129,"i":{"x":[1],"y":[1]},"o":{"x":[0],"y":[0]}},{"s":[0.953,0.427,0.145,1],"t":130,"i":{"x":[1],"y":[1]},"o":{"x":[0],"y":[0]}},{"s":[0.953,0.427,0.145,1],"t":139,"i":{"x":[1],"y":[1]},"o":{"x":[0],"y":[0]}},{"s":[0.365,0.733,0.275,1],"t":140,"i":{"x":[1],"y":[1]},"o":{"x":[0],"y":[0]}},{"s":[0.365,0.733,0.275,1],"t":148,"i":{"x":[1],"y":[1]},"o":{"x":[0],"y":[0]}},{"s":[0.992,0.718,0.075,1],"t":149,"i":{"x":[1],"y":[1]},"o":{"x":[0],"y":[0]}},{"s":[0.992,0.718,0.075,1],"t":159,"i":{"x":[1],"y":[1]},"o":{"x":[0],"y":[0]}},{"s":[0.282,0.467,0.243,1],"t":160,"i":{"x":[1],"y":[1]},"o":{"x":[0],"y":[0]}}]},"o":{"a":0,"k":100,"ix":5},"r":1,"bm":0,"nm":"Fill 1","mn":"ADBE Vector Graphic - Fill","hd":false},{"ty":"tr","p":{"a":0,"k":[0,0],"ix":2},"a":{"a":0,"k":[0,0],"ix":1},"s":{"a":0,"k":[100,100],"ix":3},"r":{"a":0,"k":0,"ix":6},"o":{"a":0,"k":100,"ix":7},"sk":{"a":0,"k":0,"ix":4},"sa":{"a":0,"k":0,"ix":5},"nm":"Transform"}],"nm":"13","np":2,"cix":2,"bm":0,"ix":1,"mn":"ADBE Vector Group","hd":false}],"ip":0,"op":384,"st":0,"bm":0},{"ddd":0,"ind":6,"ty":4,"nm":"Ring - 12","sr":1,"ks":{"o":{"a":0,"k":100,"ix":11},"r":{"a":0,"k":0,"ix":10},"p":{"a":0,"k":[323.309,228.154,0],"ix":2,"l":2},"a":{"a":0,"k":[384.538,247.309,0],"ix":1,"l":2},"s":{"a":0,"k":[2580,2580,100],"ix":6,"l":2}},"ao":0,"shapes":[{"ty":"gr","it":[{"ind":0,"ty":"sh","ix":1,"ks":{"a":0,"k":{"i":[[0,0],[0,0],[-0.788,0.34],[0,0],[1.153,-0.969]],"o":[[0,0],[0.657,-0.552],[0,0],[-1.383,0.595],[0,0]],"v":[[381.316,245.951],[385.583,251.026],[387.761,249.681],[385.14,243.591],[381.316,245.951]],"c":true},"ix":2},"nm":"Path 1","mn":"ADBE Vector Shape - Group","hd":false},{"ty":"fl","c":{"k":[{"s":[0.812,0.553,0.165,1],"t":9,"i":{"x":[1],"y":[1]},"o":{"x":[0],"y":[0]}},{"s":[0,0.49,0.737,1],"t":10,"i":{"x":[1],"y":[1]},"o":{"x":[0],"y":[0]}},{"s":[0,0.49,0.737,1],"t":19,"i":{"x":[1],"y":[1]},"o":{"x":[0],"y":[0]}},{"s":[0.953,0.427,0.145,1],"t":20,"i":{"x":[1],"y":[1]},"o":{"x":[0],"y":[0]}},{"s":[0.953,0.427,0.145,1],"t":29,"i":{"x":[1],"y":[1]},"o":{"x":[0],"y":[0]}},{"s":[0.365,0.733,0.275,1],"t":30,"i":{"x":[1],"y":[1]},"o":{"x":[0],"y":[0]}},{"s":[0.365,0.733,0.275,1],"t":39,"i":{"x":[1],"y":[1]},"o":{"x":[0],"y":[0]}},{"s":[0.992,0.718,0.075,1],"t":40,"i":{"x":[1],"y":[1]},"o":{"x":[0],"y":[0]}},{"s":[0.992,0.718,0.075,1],"t":49,"i":{"x":[1],"y":[1]},"o":{"x":[0],"y":[0]}},{"s":[0.282,0.467,0.243,1],"t":50,"i":{"x":[1],"y":[1]},"o":{"x":[0],"y":[0]}},{"s":[0.282,0.467,0.243,1],"t":59,"i":{"x":[1],"y":[1]},"o":{"x":[0],"y":[0]}},{"s":[0.922,0.11,0.176,1],"t":60,"i":{"x":[1],"y":[1]},"o":{"x":[0],"y":[0]}},{"s":[0.922,0.11,0.176,1],"t":69,"i":{"x":[1],"y":[1]},"o":{"x":[0],"y":[0]}},{"s":[0.882,0.078,0.518,1],"t":70,"i":{"x":[1],"y":[1]},"o":{"x":[0],"y":[0]}},{"s":[0.882,0.078,0.518,1],"t":79,"i":{"x":[1],"y":[1]},"o":{"x":[0],"y":[0]}},{"s":[0.827,0.627,0.161,1],"t":80,"i":{"x":[1],"y":[1]},"o":{"x":[0],"y":[0]}},{"s":[0.827,0.627,0.161,1],"t":89,"i":{"x":[1],"y":[1]},"o":{"x":[0],"y":[0]}},{"s":[0.561,0.094,0.22,1],"t":90,"i":{"x":[1],"y":[1]},"o":{"x":[0],"y":[0]}},{"s":[0.561,0.094,0.22,1],"t":99,"i":{"x":[1],"y":[1]},"o":{"x":[0],"y":[0]}},{"s":[0.812,0.553,0.165,1],"t":100,"i":{"x":[1],"y":[1]},"o":{"x":[0],"y":[0]}},{"s":[0.812,0.553,0.165,1],"t":109,"i":{"x":[1],"y":[1]},"o":{"x":[0],"y":[0]}},{"s":[0,0.49,0.737,1],"t":110,"i":{"x":[1],"y":[1]},"o":{"x":[0],"y":[0]}},{"s":[0,0.49,0.737,1],"t":119,"i":{"x":[1],"y":[1]},"o":{"x":[0],"y":[0]}},{"s":[0.953,0.427,0.145,1],"t":120,"i":{"x":[1],"y":[1]},"o":{"x":[0],"y":[0]}},{"s":[0.953,0.427,0.145,1],"t":129,"i":{"x":[1],"y":[1]},"o":{"x":[0],"y":[0]}},{"s":[0.365,0.733,0.275,1],"t":130,"i":{"x":[1],"y":[1]},"o":{"x":[0],"y":[0]}},{"s":[0.365,0.733,0.275,1],"t":139,"i":{"x":[1],"y":[1]},"o":{"x":[0],"y":[0]}},{"s":[0.992,0.718,0.075,1],"t":140,"i":{"x":[1],"y":[1]},"o":{"x":[0],"y":[0]}},{"s":[0.992,0.718,0.075,1],"t":148,"i":{"x":[1],"y":[1]},"o":{"x":[0],"y":[0]}},{"s":[0.282,0.467,0.243,1],"t":149,"i":{"x":[1],"y":[1]},"o":{"x":[0],"y":[0]}},{"s":[0.282,0.467,0.243,1],"t":159,"i":{"x":[1],"y":[1]},"o":{"x":[0],"y":[0]}},{"s":[0.922,0.11,0.176,1],"t":160,"i":{"x":[1],"y":[1]},"o":{"x":[0],"y":[0]}}]},"o":{"a":0,"k":100,"ix":5},"r":1,"bm":0,"nm":"Fill 1","mn":"ADBE Vector Graphic - Fill","hd":false},{"ty":"tr","p":{"a":0,"k":[0,0],"ix":2},"a":{"a":0,"k":[0,0],"ix":1},"s":{"a":0,"k":[100,100],"ix":3},"r":{"a":0,"k":0,"ix":6},"o":{"a":0,"k":100,"ix":7},"sk":{"a":0,"k":0,"ix":4},"sa":{"a":0,"k":0,"ix":5},"nm":"Transform"}],"nm":"12","np":2,"cix":2,"bm":0,"ix":1,"mn":"ADBE Vector Group","hd":false}],"ip":0,"op":384,"st":0,"bm":0},{"ddd":0,"ind":7,"ty":4,"nm":"Ring - 11","sr":1,"ks":{"o":{"a":0,"k":100,"ix":11},"r":{"a":0,"k":0,"ix":10},"p":{"a":0,"k":[242.405,301.066,0],"ix":2,"l":2},"a":{"a":0,"k":[381.403,250.135,0],"ix":1,"l":2},"s":{"a":0,"k":[2580,2580,100],"ix":6,"l":2}},"ao":0,"shapes":[{"ty":"gr","it":[{"ind":0,"ty":"sh","ix":1,"ks":{"a":0,"k":{"i":[[0.725,-1.32],[0,0],[-0.612,0.602],[0,0]],"o":[[0,0],[0.413,-0.752],[0,0],[-1.075,1.055]],"v":[[377.724,250.33],[383.536,253.521],[385.082,251.48],[380.438,246.748]],"c":true},"ix":2},"nm":"Path 1","mn":"ADBE Vector Shape - Group","hd":false},{"ty":"fl","c":{"k":[{"s":[0,0.49,0.737,1],"t":9,"i":{"x":[1],"y":[1]},"o":{"x":[0],"y":[0]}},{"s":[0.953,0.427,0.145,1],"t":10,"i":{"x":[1],"y":[1]},"o":{"x":[0],"y":[0]}},{"s":[0.953,0.427,0.145,1],"t":19,"i":{"x":[1],"y":[1]},"o":{"x":[0],"y":[0]}},{"s":[0.365,0.733,0.275,1],"t":20,"i":{"x":[1],"y":[1]},"o":{"x":[0],"y":[0]}},{"s":[0.365,0.733,0.275,1],"t":29,"i":{"x":[1],"y":[1]},"o":{"x":[0],"y":[0]}},{"s":[0.992,0.718,0.075,1],"t":30,"i":{"x":[1],"y":[1]},"o":{"x":[0],"y":[0]}},{"s":[0.992,0.718,0.075,1],"t":39,"i":{"x":[1],"y":[1]},"o":{"x":[0],"y":[0]}},{"s":[0.282,0.467,0.243,1],"t":40,"i":{"x":[1],"y":[1]},"o":{"x":[0],"y":[0]}},{"s":[0.282,0.467,0.243,1],"t":49,"i":{"x":[1],"y":[1]},"o":{"x":[0],"y":[0]}},{"s":[0.922,0.11,0.176,1],"t":50,"i":{"x":[1],"y":[1]},"o":{"x":[0],"y":[0]}},{"s":[0.922,0.11,0.176,1],"t":59,"i":{"x":[1],"y":[1]},"o":{"x":[0],"y":[0]}},{"s":[0.882,0.078,0.518,1],"t":60,"i":{"x":[1],"y":[1]},"o":{"x":[0],"y":[0]}},{"s":[0.882,0.078,0.518,1],"t":69,"i":{"x":[1],"y":[1]},"o":{"x":[0],"y":[0]}},{"s":[0.827,0.627,0.161,1],"t":70,"i":{"x":[1],"y":[1]},"o":{"x":[0],"y":[0]}},{"s":[0.827,0.627,0.161,1],"t":79,"i":{"x":[1],"y":[1]},"o":{"x":[0],"y":[0]}},{"s":[0.561,0.094,0.22,1],"t":80,"i":{"x":[1],"y":[1]},"o":{"x":[0],"y":[0]}},{"s":[0.561,0.094,0.22,1],"t":89,"i":{"x":[1],"y":[1]},"o":{"x":[0],"y":[0]}},{"s":[0.812,0.553,0.165,1],"t":90,"i":{"x":[1],"y":[1]},"o":{"x":[0],"y":[0]}},{"s":[0.812,0.553,0.165,1],"t":99,"i":{"x":[1],"y":[1]},"o":{"x":[0],"y":[0]}},{"s":[0,0.49,0.737,1],"t":100,"i":{"x":[1],"y":[1]},"o":{"x":[0],"y":[0]}},{"s":[0,0.49,0.737,1],"t":109,"i":{"x":[1],"y":[1]},"o":{"x":[0],"y":[0]}},{"s":[0.953,0.427,0.145,1],"t":110,"i":{"x":[1],"y":[1]},"o":{"x":[0],"y":[0]}},{"s":[0.953,0.427,0.145,1],"t":119,"i":{"x":[1],"y":[1]},"o":{"x":[0],"y":[0]}},{"s":[0.365,0.733,0.275,1],"t":120,"i":{"x":[1],"y":[1]},"o":{"x":[0],"y":[0]}},{"s":[0.365,0.733,0.275,1],"t":129,"i":{"x":[1],"y":[1]},"o":{"x":[0],"y":[0]}},{"s":[0.992,0.718,0.075,1],"t":130,"i":{"x":[1],"y":[1]},"o":{"x":[0],"y":[0]}},{"s":[0.992,0.718,0.075,1],"t":139,"i":{"x":[1],"y":[1]},"o":{"x":[0],"y":[0]}},{"s":[0.282,0.467,0.243,1],"t":140,"i":{"x":[1],"y":[1]},"o":{"x":[0],"y":[0]}},{"s":[0.282,0.467,0.243,1],"t":148,"i":{"x":[1],"y":[1]},"o":{"x":[0],"y":[0]}},{"s":[0.922,0.11,0.176,1],"t":149,"i":{"x":[1],"y":[1]},"o":{"x":[0],"y":[0]}},{"s":[0.922,0.11,0.176,1],"t":159,"i":{"x":[1],"y":[1]},"o":{"x":[0],"y":[0]}},{"s":[0.882,0.078,0.518,1],"t":160,"i":{"x":[1],"y":[1]},"o":{"x":[0],"y":[0]}}]},"o":{"a":0,"k":100,"ix":5},"r":1,"bm":0,"nm":"Fill 1","mn":"ADBE Vector Graphic - Fill","hd":false},{"ty":"tr","p":{"a":0,"k":[0,0],"ix":2},"a":{"a":0,"k":[0,0],"ix":1},"s":{"a":0,"k":[100,100],"ix":3},"r":{"a":0,"k":0,"ix":6},"o":{"a":0,"k":100,"ix":7},"sk":{"a":0,"k":0,"ix":4},"sa":{"a":0,"k":0,"ix":5},"nm":"Transform"}],"nm":"11","np":2,"cix":2,"bm":0,"ix":1,"mn":"ADBE Vector Group","hd":false}],"ip":0,"op":384,"st":0,"bm":0},{"ddd":0,"ind":8,"ty":4,"nm":"Ring - 10","sr":1,"ks":{"o":{"a":0,"k":100,"ix":11},"r":{"a":0,"k":0,"ix":10},"p":{"a":0,"k":[195.751,400.506,0],"ix":2,"l":2},"a":{"a":0,"k":[379.594,253.989,0],"ix":1,"l":2},"s":{"a":0,"k":[2580,2580,100],"ix":6,"l":2}},"ao":0,"shapes":[{"ty":"gr","it":[{"ind":0,"ty":"sh","ix":1,"ks":{"a":0,"k":{"i":[[0.199,-1.493],[0,0],[-0.353,0.782],[0,0]],"o":[[0,0],[0.113,-0.851],[0,0],[-0.621,1.372]],"v":[[375.956,255.711],[382.529,256.587],[383.232,254.125],[377.193,251.391]],"c":true},"ix":2},"nm":"Path 1","mn":"ADBE Vector Shape - Group","hd":false},{"ty":"fl","c":{"k":[{"s":[0.953,0.427,0.145,1],"t":9,"i":{"x":[1],"y":[1]},"o":{"x":[0],"y":[0]}},{"s":[0.365,0.733,0.275,1],"t":10,"i":{"x":[1],"y":[1]},"o":{"x":[0],"y":[0]}},{"s":[0.365,0.733,0.275,1],"t":19,"i":{"x":[1],"y":[1]},"o":{"x":[0],"y":[0]}},{"s":[0.992,0.718,0.075,1],"t":20,"i":{"x":[1],"y":[1]},"o":{"x":[0],"y":[0]}},{"s":[0.992,0.718,0.075,1],"t":29,"i":{"x":[1],"y":[1]},"o":{"x":[0],"y":[0]}},{"s":[0.282,0.467,0.243,1],"t":30,"i":{"x":[1],"y":[1]},"o":{"x":[0],"y":[0]}},{"s":[0.282,0.467,0.243,1],"t":40,"i":{"x":[1],"y":[1]},"o":{"x":[0],"y":[0]}},{"s":[0.922,0.11,0.176,1],"t":41,"i":{"x":[1],"y":[1]},"o":{"x":[0],"y":[0]}},{"s":[0.922,0.11,0.176,1],"t":49,"i":{"x":[1],"y":[1]},"o":{"x":[0],"y":[0]}},{"s":[0.882,0.078,0.518,1],"t":50,"i":{"x":[1],"y":[1]},"o":{"x":[0],"y":[0]}},{"s":[0.882,0.078,0.518,1],"t":59,"i":{"x":[1],"y":[1]},"o":{"x":[0],"y":[0]}},{"s":[0.827,0.627,0.161,1],"t":60,"i":{"x":[1],"y":[1]},"o":{"x":[0],"y":[0]}},{"s":[0.827,0.627,0.161,1],"t":69,"i":{"x":[1],"y":[1]},"o":{"x":[0],"y":[0]}},{"s":[0.561,0.094,0.22,1],"t":70,"i":{"x":[1],"y":[1]},"o":{"x":[0],"y":[0]}},{"s":[0.561,0.094,0.22,1],"t":79,"i":{"x":[1],"y":[1]},"o":{"x":[0],"y":[0]}},{"s":[0.812,0.553,0.165,1],"t":80,"i":{"x":[1],"y":[1]},"o":{"x":[0],"y":[0]}},{"s":[0.812,0.553,0.165,1],"t":89,"i":{"x":[1],"y":[1]},"o":{"x":[0],"y":[0]}},{"s":[0,0.49,0.737,1],"t":90,"i":{"x":[1],"y":[1]},"o":{"x":[0],"y":[0]}},{"s":[0,0.49,0.737,1],"t":99,"i":{"x":[1],"y":[1]},"o":{"x":[0],"y":[0]}},{"s":[0.953,0.427,0.145,1],"t":100,"i":{"x":[1],"y":[1]},"o":{"x":[0],"y":[0]}},{"s":[0.953,0.427,0.145,1],"t":109,"i":{"x":[1],"y":[1]},"o":{"x":[0],"y":[0]}},{"s":[0.365,0.733,0.275,1],"t":110,"i":{"x":[1],"y":[1]},"o":{"x":[0],"y":[0]}},{"s":[0.365,0.733,0.275,1],"t":119,"i":{"x":[1],"y":[1]},"o":{"x":[0],"y":[0]}},{"s":[0.992,0.718,0.075,1],"t":120,"i":{"x":[1],"y":[1]},"o":{"x":[0],"y":[0]}},{"s":[0.992,0.718,0.075,1],"t":129,"i":{"x":[1],"y":[1]},"o":{"x":[0],"y":[0]}},{"s":[0.282,0.467,0.243,1],"t":130,"i":{"x":[1],"y":[1]},"o":{"x":[0],"y":[0]}},{"s":[0.282,0.467,0.243,1],"t":139,"i":{"x":[1],"y":[1]},"o":{"x":[0],"y":[0]}},{"s":[0.922,0.11,0.176,1],"t":140,"i":{"x":[1],"y":[1]},"o":{"x":[0],"y":[0]}},{"s":[0.922,0.11,0.176,1],"t":148,"i":{"x":[1],"y":[1]},"o":{"x":[0],"y":[0]}},{"s":[0.882,0.078,0.518,1],"t":149,"i":{"x":[1],"y":[1]},"o":{"x":[0],"y":[0]}},{"s":[0.882,0.078,0.518,1],"t":159,"i":{"x":[1],"y":[1]},"o":{"x":[0],"y":[0]}},{"s":[0.827,0.627,0.161,1],"t":160,"i":{"x":[1],"y":[1]},"o":{"x":[0],"y":[0]}}]},"o":{"a":0,"k":100,"ix":5},"r":1,"bm":0,"nm":"Fill 1","mn":"ADBE Vector Graphic - Fill","hd":false},{"ty":"tr","p":{"a":0,"k":[0,0],"ix":2},"a":{"a":0,"k":[0,0],"ix":1},"s":{"a":0,"k":[100,100],"ix":3},"r":{"a":0,"k":0,"ix":6},"o":{"a":0,"k":100,"ix":7},"sk":{"a":0,"k":0,"ix":4},"sa":{"a":0,"k":0,"ix":5},"nm":"Transform"}],"nm":"10","np":2,"cix":2,"bm":0,"ix":1,"mn":"ADBE Vector Group","hd":false}],"ip":0,"op":384,"st":0,"bm":0},{"ddd":0,"ind":9,"ty":4,"nm":"Ring - 9","sr":1,"ks":{"o":{"a":0,"k":100,"ix":11},"r":{"a":0,"k":0,"ix":10},"p":{"a":0,"k":[187.098,533.135,0],"ix":2,"l":2},"a":{"a":0,"k":[379.259,259.13,0],"ix":1,"l":2},"s":{"a":0,"k":[2580,2580,100],"ix":6,"l":2}},"ao":0,"shapes":[{"ty":"gr","it":[{"ind":0,"ty":"sh","ix":1,"ks":{"a":0,"k":{"i":[[-0.354,-1.464],[0,0],[-0.047,0.857],[0,0]],"o":[[0,0],[-0.202,-0.834],[0,0],[-0.084,1.504]],"v":[[376.252,261.367],[382.697,259.81],[382.464,257.26],[375.845,256.892]],"c":true},"ix":2},"nm":"Path 1","mn":"ADBE Vector Shape - Group","hd":false},{"ty":"fl","c":{"k":[{"s":[0.365,0.733,0.275,1],"t":9,"i":{"x":[1],"y":[1]},"o":{"x":[0],"y":[0]}},{"s":[0.992,0.718,0.075,1],"t":10,"i":{"x":[1],"y":[1]},"o":{"x":[0],"y":[0]}},{"s":[0.992,0.718,0.075,1],"t":19,"i":{"x":[1],"y":[1]},"o":{"x":[0],"y":[0]}},{"s":[0.282,0.467,0.243,1],"t":20,"i":{"x":[1],"y":[1]},"o":{"x":[0],"y":[0]}},{"s":[0.282,0.467,0.243,1],"t":29,"i":{"x":[1],"y":[1]},"o":{"x":[0],"y":[0]}},{"s":[0.922,0.11,0.176,1],"t":30,"i":{"x":[1],"y":[1]},"o":{"x":[0],"y":[0]}},{"s":[0.922,0.11,0.176,1],"t":40,"i":{"x":[1],"y":[1]},"o":{"x":[0],"y":[0]}},{"s":[0.882,0.078,0.518,1],"t":41,"i":{"x":[1],"y":[1]},"o":{"x":[0],"y":[0]}},{"s":[0.882,0.078,0.518,1],"t":49,"i":{"x":[1],"y":[1]},"o":{"x":[0],"y":[0]}},{"s":[0.827,0.627,0.161,1],"t":50,"i":{"x":[1],"y":[1]},"o":{"x":[0],"y":[0]}},{"s":[0.827,0.627,0.161,1],"t":59,"i":{"x":[1],"y":[1]},"o":{"x":[0],"y":[0]}},{"s":[0.561,0.094,0.22,1],"t":60,"i":{"x":[1],"y":[1]},"o":{"x":[0],"y":[0]}},{"s":[0.561,0.094,0.22,1],"t":69,"i":{"x":[1],"y":[1]},"o":{"x":[0],"y":[0]}},{"s":[0.812,0.553,0.165,1],"t":70,"i":{"x":[1],"y":[1]},"o":{"x":[0],"y":[0]}},{"s":[0.812,0.553,0.165,1],"t":79,"i":{"x":[1],"y":[1]},"o":{"x":[0],"y":[0]}},{"s":[0,0.49,0.737,1],"t":80,"i":{"x":[1],"y":[1]},"o":{"x":[0],"y":[0]}},{"s":[0,0.49,0.737,1],"t":89,"i":{"x":[1],"y":[1]},"o":{"x":[0],"y":[0]}},{"s":[0.953,0.427,0.145,1],"t":90,"i":{"x":[1],"y":[1]},"o":{"x":[0],"y":[0]}},{"s":[0.953,0.427,0.145,1],"t":99,"i":{"x":[1],"y":[1]},"o":{"x":[0],"y":[0]}},{"s":[0.365,0.733,0.275,1],"t":100,"i":{"x":[1],"y":[1]},"o":{"x":[0],"y":[0]}},{"s":[0.365,0.733,0.275,1],"t":109,"i":{"x":[1],"y":[1]},"o":{"x":[0],"y":[0]}},{"s":[0.992,0.718,0.075,1],"t":110,"i":{"x":[1],"y":[1]},"o":{"x":[0],"y":[0]}},{"s":[0.992,0.718,0.075,1],"t":119,"i":{"x":[1],"y":[1]},"o":{"x":[0],"y":[0]}},{"s":[0.282,0.467,0.243,1],"t":120,"i":{"x":[1],"y":[1]},"o":{"x":[0],"y":[0]}},{"s":[0.282,0.467,0.243,1],"t":129,"i":{"x":[1],"y":[1]},"o":{"x":[0],"y":[0]}},{"s":[0.922,0.11,0.176,1],"t":130,"i":{"x":[1],"y":[1]},"o":{"x":[0],"y":[0]}},{"s":[0.922,0.11,0.176,1],"t":139,"i":{"x":[1],"y":[1]},"o":{"x":[0],"y":[0]}},{"s":[0.882,0.078,0.518,1],"t":140,"i":{"x":[1],"y":[1]},"o":{"x":[0],"y":[0]}},{"s":[0.882,0.078,0.518,1],"t":148,"i":{"x":[1],"y":[1]},"o":{"x":[0],"y":[0]}},{"s":[0.827,0.627,0.161,1],"t":149,"i":{"x":[1],"y":[1]},"o":{"x":[0],"y":[0]}},{"s":[0.827,0.627,0.161,1],"t":159,"i":{"x":[1],"y":[1]},"o":{"x":[0],"y":[0]}},{"s":[0.561,0.094,0.22,1],"t":160,"i":{"x":[1],"y":[1]},"o":{"x":[0],"y":[0]}}]},"o":{"a":0,"k":100,"ix":5},"r":1,"bm":0,"nm":"Fill 1","mn":"ADBE Vector Graphic - Fill","hd":false},{"ty":"tr","p":{"a":0,"k":[0,0],"ix":2},"a":{"a":0,"k":[0,0],"ix":1},"s":{"a":0,"k":[100,100],"ix":3},"r":{"a":0,"k":0,"ix":6},"o":{"a":0,"k":100,"ix":7},"sk":{"a":0,"k":0,"ix":4},"sa":{"a":0,"k":0,"ix":5},"nm":"Transform"}],"nm":"9","np":2,"cix":2,"bm":0,"ix":1,"mn":"ADBE Vector Group","hd":false}],"ip":0,"op":384,"st":0,"bm":0},{"ddd":0,"ind":10,"ty":4,"nm":"Ring - 8","sr":1,"ks":{"o":{"a":0,"k":100,"ix":11},"r":{"a":0,"k":0,"ix":10},"p":{"a":0,"k":[213.862,645.836,0],"ix":2,"l":2},"a":{"a":0,"k":[380.296,263.498,0],"ix":1,"l":2},"s":{"a":0,"k":[2580,2580,100],"ix":6,"l":2}},"ao":0,"shapes":[{"ty":"gr","it":[{"ind":0,"ty":"sh","ix":1,"ks":{"a":0,"k":{"i":[[-0.859,-1.237],[0,0],[0.266,0.816],[0,0]],"o":[[0,0],[-0.489,-0.705],[0,0],[0.465,1.432]],"v":[[378.571,266.535],[384.018,262.754],[382.88,260.461],[376.574,262.508]],"c":true},"ix":2},"nm":"Path 1","mn":"ADBE Vector Shape - Group","hd":false},{"ty":"fl","c":{"k":[{"s":[0.992,0.718,0.075,1],"t":9,"i":{"x":[1],"y":[1]},"o":{"x":[0],"y":[0]}},{"s":[0.282,0.467,0.243,1],"t":10,"i":{"x":[1],"y":[1]},"o":{"x":[0],"y":[0]}},{"s":[0.282,0.467,0.243,1],"t":19,"i":{"x":[1],"y":[1]},"o":{"x":[0],"y":[0]}},{"s":[0.922,0.11,0.176,1],"t":20,"i":{"x":[1],"y":[1]},"o":{"x":[0],"y":[0]}},{"s":[0.922,0.11,0.176,1],"t":29,"i":{"x":[1],"y":[1]},"o":{"x":[0],"y":[0]}},{"s":[0.882,0.078,0.518,1],"t":30,"i":{"x":[1],"y":[1]},"o":{"x":[0],"y":[0]}},{"s":[0.882,0.078,0.518,1],"t":40,"i":{"x":[1],"y":[1]},"o":{"x":[0],"y":[0]}},{"s":[0.827,0.627,0.161,1],"t":41,"i":{"x":[1],"y":[1]},"o":{"x":[0],"y":[0]}},{"s":[0.827,0.627,0.161,1],"t":49,"i":{"x":[1],"y":[1]},"o":{"x":[0],"y":[0]}},{"s":[0.561,0.094,0.22,1],"t":50,"i":{"x":[1],"y":[1]},"o":{"x":[0],"y":[0]}},{"s":[0.561,0.094,0.22,1],"t":59,"i":{"x":[1],"y":[1]},"o":{"x":[0],"y":[0]}},{"s":[0.812,0.553,0.165,1],"t":60,"i":{"x":[1],"y":[1]},"o":{"x":[0],"y":[0]}},{"s":[0.812,0.553,0.165,1],"t":69,"i":{"x":[1],"y":[1]},"o":{"x":[0],"y":[0]}},{"s":[0,0.49,0.737,1],"t":70,"i":{"x":[1],"y":[1]},"o":{"x":[0],"y":[0]}},{"s":[0,0.49,0.737,1],"t":79,"i":{"x":[1],"y":[1]},"o":{"x":[0],"y":[0]}},{"s":[0.953,0.427,0.145,1],"t":80,"i":{"x":[1],"y":[1]},"o":{"x":[0],"y":[0]}},{"s":[0.953,0.427,0.145,1],"t":89,"i":{"x":[1],"y":[1]},"o":{"x":[0],"y":[0]}},{"s":[0.365,0.733,0.275,1],"t":90,"i":{"x":[1],"y":[1]},"o":{"x":[0],"y":[0]}},{"s":[0.365,0.733,0.275,1],"t":99,"i":{"x":[1],"y":[1]},"o":{"x":[0],"y":[0]}},{"s":[0.992,0.718,0.075,1],"t":100,"i":{"x":[1],"y":[1]},"o":{"x":[0],"y":[0]}},{"s":[0.992,0.718,0.075,1],"t":109,"i":{"x":[1],"y":[1]},"o":{"x":[0],"y":[0]}},{"s":[0.282,0.467,0.243,1],"t":110,"i":{"x":[1],"y":[1]},"o":{"x":[0],"y":[0]}},{"s":[0.282,0.467,0.243,1],"t":119,"i":{"x":[1],"y":[1]},"o":{"x":[0],"y":[0]}},{"s":[0.922,0.11,0.176,1],"t":120,"i":{"x":[1],"y":[1]},"o":{"x":[0],"y":[0]}},{"s":[0.922,0.11,0.176,1],"t":129,"i":{"x":[1],"y":[1]},"o":{"x":[0],"y":[0]}},{"s":[0.882,0.078,0.518,1],"t":130,"i":{"x":[1],"y":[1]},"o":{"x":[0],"y":[0]}},{"s":[0.882,0.078,0.518,1],"t":139,"i":{"x":[1],"y":[1]},"o":{"x":[0],"y":[0]}},{"s":[0.827,0.627,0.161,1],"t":140,"i":{"x":[1],"y":[1]},"o":{"x":[0],"y":[0]}},{"s":[0.827,0.627,0.161,1],"t":148,"i":{"x":[1],"y":[1]},"o":{"x":[0],"y":[0]}},{"s":[0.561,0.094,0.22,1],"t":149,"i":{"x":[1],"y":[1]},"o":{"x":[0],"y":[0]}},{"s":[0.561,0.094,0.22,1],"t":159,"i":{"x":[1],"y":[1]},"o":{"x":[0],"y":[0]}},{"s":[0.812,0.553,0.165,1],"t":160,"i":{"x":[1],"y":[1]},"o":{"x":[0],"y":[0]}}]},"o":{"a":0,"k":100,"ix":5},"r":1,"bm":0,"nm":"Fill 1","mn":"ADBE Vector Graphic - Fill","hd":false},{"ty":"tr","p":{"a":0,"k":[0,0],"ix":2},"a":{"a":0,"k":[0,0],"ix":1},"s":{"a":0,"k":[100,100],"ix":3},"r":{"a":0,"k":0,"ix":6},"o":{"a":0,"k":100,"ix":7},"sk":{"a":0,"k":0,"ix":4},"sa":{"a":0,"k":0,"ix":5},"nm":"Transform"}],"nm":"8","np":2,"cix":2,"bm":0,"ix":1,"mn":"ADBE Vector Group","hd":false}],"ip":0,"op":384,"st":0,"bm":0},{"ddd":0,"ind":11,"ty":4,"nm":"Ring - 7","sr":1,"ks":{"o":{"a":0,"k":100,"ix":11},"r":{"a":0,"k":0,"ix":10},"p":{"a":0,"k":[278.426,733.752,0],"ix":2,"l":2},"a":{"a":0,"k":[382.799,266.905,0],"ix":1,"l":2},"s":{"a":0,"k":[2580,2580,100],"ix":6,"l":2}},"ao":0,"shapes":[{"ty":"gr","it":[{"ind":0,"ty":"sh","ix":1,"ks":{"a":0,"k":{"i":[[-1.248,-0.844],[0,0],[0.542,0.665],[0,0]],"o":[[0,0],[-0.711,-0.48],[0,0],[0.951,1.168]],"v":[[382.6,270.516],[386.314,265.023],[384.424,263.295],[379.284,267.482]],"c":true},"ix":2},"nm":"Path 1","mn":"ADBE Vector Shape - Group","hd":false},{"ty":"fl","c":{"k":[{"s":[0.282,0.467,0.243,1],"t":9,"i":{"x":[1],"y":[1]},"o":{"x":[0],"y":[0]}},{"s":[0.922,0.11,0.176,1],"t":10,"i":{"x":[1],"y":[1]},"o":{"x":[0],"y":[0]}},{"s":[0.922,0.11,0.176,1],"t":19,"i":{"x":[1],"y":[1]},"o":{"x":[0],"y":[0]}},{"s":[0.882,0.078,0.518,1],"t":20,"i":{"x":[1],"y":[1]},"o":{"x":[0],"y":[0]}},{"s":[0.882,0.078,0.518,1],"t":29,"i":{"x":[1],"y":[1]},"o":{"x":[0],"y":[0]}},{"s":[0.827,0.627,0.161,1],"t":30,"i":{"x":[1],"y":[1]},"o":{"x":[0],"y":[0]}},{"s":[0.827,0.627,0.161,1],"t":40,"i":{"x":[1],"y":[1]},"o":{"x":[0],"y":[0]}},{"s":[0.561,0.094,0.22,1],"t":41,"i":{"x":[1],"y":[1]},"o":{"x":[0],"y":[0]}},{"s":[0.561,0.094,0.22,1],"t":49,"i":{"x":[1],"y":[1]},"o":{"x":[0],"y":[0]}},{"s":[0.812,0.553,0.165,1],"t":50,"i":{"x":[1],"y":[1]},"o":{"x":[0],"y":[0]}},{"s":[0.812,0.553,0.165,1],"t":59,"i":{"x":[1],"y":[1]},"o":{"x":[0],"y":[0]}},{"s":[0,0.49,0.737,1],"t":60,"i":{"x":[1],"y":[1]},"o":{"x":[0],"y":[0]}},{"s":[0,0.49,0.737,1],"t":69,"i":{"x":[1],"y":[1]},"o":{"x":[0],"y":[0]}},{"s":[0.953,0.427,0.145,1],"t":70,"i":{"x":[1],"y":[1]},"o":{"x":[0],"y":[0]}},{"s":[0.953,0.427,0.145,1],"t":79,"i":{"x":[1],"y":[1]},"o":{"x":[0],"y":[0]}},{"s":[0.365,0.733,0.275,1],"t":80,"i":{"x":[1],"y":[1]},"o":{"x":[0],"y":[0]}},{"s":[0.365,0.733,0.275,1],"t":89,"i":{"x":[1],"y":[1]},"o":{"x":[0],"y":[0]}},{"s":[0.992,0.718,0.075,1],"t":90,"i":{"x":[1],"y":[1]},"o":{"x":[0],"y":[0]}},{"s":[0.992,0.718,0.075,1],"t":99,"i":{"x":[1],"y":[1]},"o":{"x":[0],"y":[0]}},{"s":[0.282,0.467,0.243,1],"t":100,"i":{"x":[1],"y":[1]},"o":{"x":[0],"y":[0]}},{"s":[0.282,0.467,0.243,1],"t":109,"i":{"x":[1],"y":[1]},"o":{"x":[0],"y":[0]}},{"s":[0.922,0.11,0.176,1],"t":110,"i":{"x":[1],"y":[1]},"o":{"x":[0],"y":[0]}},{"s":[0.922,0.11,0.176,1],"t":119,"i":{"x":[1],"y":[1]},"o":{"x":[0],"y":[0]}},{"s":[0.882,0.078,0.518,1],"t":120,"i":{"x":[1],"y":[1]},"o":{"x":[0],"y":[0]}},{"s":[0.882,0.078,0.518,1],"t":129,"i":{"x":[1],"y":[1]},"o":{"x":[0],"y":[0]}},{"s":[0.827,0.627,0.161,1],"t":130,"i":{"x":[1],"y":[1]},"o":{"x":[0],"y":[0]}},{"s":[0.827,0.627,0.161,1],"t":139,"i":{"x":[1],"y":[1]},"o":{"x":[0],"y":[0]}},{"s":[0.561,0.094,0.22,1],"t":140,"i":{"x":[1],"y":[1]},"o":{"x":[0],"y":[0]}},{"s":[0.561,0.094,0.22,1],"t":148,"i":{"x":[1],"y":[1]},"o":{"x":[0],"y":[0]}},{"s":[0.812,0.553,0.165,1],"t":149,"i":{"x":[1],"y":[1]},"o":{"x":[0],"y":[0]}},{"s":[0.812,0.553,0.165,1],"t":159,"i":{"x":[1],"y":[1]},"o":{"x":[0],"y":[0]}},{"s":[0,0.49,0.737,1],"t":160,"i":{"x":[1],"y":[1]},"o":{"x":[0],"y":[0]}}]},"o":{"a":0,"k":100,"ix":5},"r":1,"bm":0,"nm":"Fill 1","mn":"ADBE Vector Graphic - Fill","hd":false},{"ty":"tr","p":{"a":0,"k":[0,0],"ix":2},"a":{"a":0,"k":[0,0],"ix":1},"s":{"a":0,"k":[100,100],"ix":3},"r":{"a":0,"k":0,"ix":6},"o":{"a":0,"k":100,"ix":7},"sk":{"a":0,"k":0,"ix":4},"sa":{"a":0,"k":0,"ix":5},"nm":"Transform"}],"nm":"7","np":2,"cix":2,"bm":0,"ix":1,"mn":"ADBE Vector Group","hd":false}],"ip":0,"op":384,"st":0,"bm":0},{"ddd":0,"ind":12,"ty":4,"nm":"Ring - 6","sr":1,"ks":{"o":{"a":0,"k":100,"ix":11},"r":{"a":0,"k":0,"ix":10},"p":{"a":0,"k":[372.379,789.763,0],"ix":2,"l":2},"a":{"a":0,"k":[386.44,269.076,0],"ix":1,"l":2},"s":{"a":0,"k":[2580,2580,100],"ix":6,"l":2}},"ao":0,"shapes":[{"ty":"gr","it":[{"ind":0,"ty":"sh","ix":1,"ks":{"a":0,"k":{"i":[[0,0],[0,0],[0.746,0.424],[0,0],[-1.468,-0.336]],"o":[[0,0],[-0.837,-0.191],[0,0],[1.309,0.745],[0,0]],"v":[[387.795,272.772],[389.274,266.309],[386.887,265.381],[383.607,271.142],[387.795,272.772]],"c":true},"ix":2},"nm":"Path 1","mn":"ADBE Vector Shape - Group","hd":false},{"ty":"fl","c":{"k":[{"s":[0.922,0.11,0.176,1],"t":9,"i":{"x":[1],"y":[1]},"o":{"x":[0],"y":[0]}},{"s":[0.882,0.078,0.518,1],"t":10,"i":{"x":[1],"y":[1]},"o":{"x":[0],"y":[0]}},{"s":[0.882,0.078,0.518,1],"t":19,"i":{"x":[1],"y":[1]},"o":{"x":[0],"y":[0]}},{"s":[0.827,0.627,0.161,1],"t":20,"i":{"x":[1],"y":[1]},"o":{"x":[0],"y":[0]}},{"s":[0.827,0.627,0.161,1],"t":29,"i":{"x":[1],"y":[1]},"o":{"x":[0],"y":[0]}},{"s":[0.561,0.094,0.22,1],"t":30,"i":{"x":[1],"y":[1]},"o":{"x":[0],"y":[0]}},{"s":[0.561,0.094,0.22,1],"t":40,"i":{"x":[1],"y":[1]},"o":{"x":[0],"y":[0]}},{"s":[0.812,0.553,0.165,1],"t":41,"i":{"x":[1],"y":[1]},"o":{"x":[0],"y":[0]}},{"s":[0.812,0.553,0.165,1],"t":49,"i":{"x":[1],"y":[1]},"o":{"x":[0],"y":[0]}},{"s":[0,0.49,0.737,1],"t":50,"i":{"x":[1],"y":[1]},"o":{"x":[0],"y":[0]}},{"s":[0,0.49,0.737,1],"t":59,"i":{"x":[1],"y":[1]},"o":{"x":[0],"y":[0]}},{"s":[0.953,0.427,0.145,1],"t":60,"i":{"x":[1],"y":[1]},"o":{"x":[0],"y":[0]}},{"s":[0.953,0.427,0.145,1],"t":69,"i":{"x":[1],"y":[1]},"o":{"x":[0],"y":[0]}},{"s":[0.365,0.733,0.275,1],"t":70,"i":{"x":[1],"y":[1]},"o":{"x":[0],"y":[0]}},{"s":[0.365,0.733,0.275,1],"t":79,"i":{"x":[1],"y":[1]},"o":{"x":[0],"y":[0]}},{"s":[0.992,0.718,0.075,1],"t":80,"i":{"x":[1],"y":[1]},"o":{"x":[0],"y":[0]}},{"s":[0.992,0.718,0.075,1],"t":89,"i":{"x":[1],"y":[1]},"o":{"x":[0],"y":[0]}},{"s":[0.282,0.467,0.243,1],"t":90,"i":{"x":[1],"y":[1]},"o":{"x":[0],"y":[0]}},{"s":[0.282,0.467,0.243,1],"t":99,"i":{"x":[1],"y":[1]},"o":{"x":[0],"y":[0]}},{"s":[0.922,0.11,0.176,1],"t":100,"i":{"x":[1],"y":[1]},"o":{"x":[0],"y":[0]}},{"s":[0.922,0.11,0.176,1],"t":109,"i":{"x":[1],"y":[1]},"o":{"x":[0],"y":[0]}},{"s":[0.882,0.078,0.518,1],"t":110,"i":{"x":[1],"y":[1]},"o":{"x":[0],"y":[0]}},{"s":[0.882,0.078,0.518,1],"t":119,"i":{"x":[1],"y":[1]},"o":{"x":[0],"y":[0]}},{"s":[0.827,0.627,0.161,1],"t":120,"i":{"x":[1],"y":[1]},"o":{"x":[0],"y":[0]}},{"s":[0.827,0.627,0.161,1],"t":129,"i":{"x":[1],"y":[1]},"o":{"x":[0],"y":[0]}},{"s":[0.561,0.094,0.22,1],"t":130,"i":{"x":[1],"y":[1]},"o":{"x":[0],"y":[0]}},{"s":[0.561,0.094,0.22,1],"t":139,"i":{"x":[1],"y":[1]},"o":{"x":[0],"y":[0]}},{"s":[0.812,0.553,0.165,1],"t":140,"i":{"x":[1],"y":[1]},"o":{"x":[0],"y":[0]}},{"s":[0.812,0.553,0.165,1],"t":148,"i":{"x":[1],"y":[1]},"o":{"x":[0],"y":[0]}},{"s":[0,0.49,0.737,1],"t":149,"i":{"x":[1],"y":[1]},"o":{"x":[0],"y":[0]}},{"s":[0,0.49,0.737,1],"t":159,"i":{"x":[1],"y":[1]},"o":{"x":[0],"y":[0]}},{"s":[0.953,0.427,0.145,1],"t":160,"i":{"x":[1],"y":[1]},"o":{"x":[0],"y":[0]}}]},"o":{"a":0,"k":100,"ix":5},"r":1,"bm":0,"nm":"Fill 1","mn":"ADBE Vector Graphic - Fill","hd":false},{"ty":"tr","p":{"a":0,"k":[0,0],"ix":2},"a":{"a":0,"k":[0,0],"ix":1},"s":{"a":0,"k":[100,100],"ix":3},"r":{"a":0,"k":0,"ix":6},"o":{"a":0,"k":100,"ix":7},"sk":{"a":0,"k":0,"ix":4},"sa":{"a":0,"k":0,"ix":5},"nm":"Transform"}],"nm":"6","np":2,"cix":2,"bm":0,"ix":1,"mn":"ADBE Vector Group","hd":false}],"ip":0,"op":384,"st":0,"bm":0},{"ddd":0,"ind":13,"ty":4,"nm":"Ring - 5","sr":1,"ks":{"o":{"a":0,"k":100,"ix":11},"r":{"a":0,"k":0,"ix":10},"p":{"a":0,"k":[495.362,808.383,0],"ix":2,"l":2},"a":{"a":0,"k":[391.207,269.798,0],"ix":1,"l":2},"s":{"a":0,"k":[2580,2580,100],"ix":6,"l":2}},"ao":0,"shapes":[{"ty":"gr","it":[{"ind":0,"ty":"sh","ix":1,"ks":{"a":0,"k":{"i":[[0,0],[0,0],[0.849,0.126],[0,0],[-1.49,0.217]],"o":[[0,0],[-0.849,0.124],[0,0],[1.49,0.222],[0,0]],"v":[[393.454,273],[392.498,266.438],[389.938,266.435],[388.96,272.992],[393.454,273]],"c":true},"ix":2},"nm":"Path 1","mn":"ADBE Vector Shape - Group","hd":false},{"ty":"fl","c":{"k":[{"s":[0.882,0.078,0.518,1],"t":9,"i":{"x":[1],"y":[1]},"o":{"x":[0],"y":[0]}},{"s":[0.827,0.627,0.161,1],"t":10,"i":{"x":[1],"y":[1]},"o":{"x":[0],"y":[0]}},{"s":[0.827,0.627,0.161,1],"t":19,"i":{"x":[1],"y":[1]},"o":{"x":[0],"y":[0]}},{"s":[0.561,0.094,0.22,1],"t":20,"i":{"x":[1],"y":[1]},"o":{"x":[0],"y":[0]}},{"s":[0.561,0.094,0.22,1],"t":29,"i":{"x":[1],"y":[1]},"o":{"x":[0],"y":[0]}},{"s":[0.812,0.553,0.165,1],"t":30,"i":{"x":[1],"y":[1]},"o":{"x":[0],"y":[0]}},{"s":[0.812,0.553,0.165,1],"t":40,"i":{"x":[1],"y":[1]},"o":{"x":[0],"y":[0]}},{"s":[0,0.49,0.737,1],"t":41,"i":{"x":[1],"y":[1]},"o":{"x":[0],"y":[0]}},{"s":[0,0.49,0.737,1],"t":49,"i":{"x":[1],"y":[1]},"o":{"x":[0],"y":[0]}},{"s":[0.953,0.427,0.145,1],"t":50,"i":{"x":[1],"y":[1]},"o":{"x":[0],"y":[0]}},{"s":[0.953,0.427,0.145,1],"t":59,"i":{"x":[1],"y":[1]},"o":{"x":[0],"y":[0]}},{"s":[0.365,0.733,0.275,1],"t":60,"i":{"x":[1],"y":[1]},"o":{"x":[0],"y":[0]}},{"s":[0.365,0.733,0.275,1],"t":69,"i":{"x":[1],"y":[1]},"o":{"x":[0],"y":[0]}},{"s":[0.992,0.718,0.075,1],"t":70,"i":{"x":[1],"y":[1]},"o":{"x":[0],"y":[0]}},{"s":[0.992,0.718,0.075,1],"t":79,"i":{"x":[1],"y":[1]},"o":{"x":[0],"y":[0]}},{"s":[0.282,0.467,0.243,1],"t":80,"i":{"x":[1],"y":[1]},"o":{"x":[0],"y":[0]}},{"s":[0.282,0.467,0.243,1],"t":89,"i":{"x":[1],"y":[1]},"o":{"x":[0],"y":[0]}},{"s":[0.922,0.11,0.176,1],"t":90,"i":{"x":[1],"y":[1]},"o":{"x":[0],"y":[0]}},{"s":[0.922,0.11,0.176,1],"t":99,"i":{"x":[1],"y":[1]},"o":{"x":[0],"y":[0]}},{"s":[0.882,0.078,0.518,1],"t":100,"i":{"x":[1],"y":[1]},"o":{"x":[0],"y":[0]}},{"s":[0.882,0.078,0.518,1],"t":109,"i":{"x":[1],"y":[1]},"o":{"x":[0],"y":[0]}},{"s":[0.827,0.627,0.161,1],"t":110,"i":{"x":[1],"y":[1]},"o":{"x":[0],"y":[0]}},{"s":[0.827,0.627,0.161,1],"t":119,"i":{"x":[1],"y":[1]},"o":{"x":[0],"y":[0]}},{"s":[0.561,0.094,0.22,1],"t":120,"i":{"x":[1],"y":[1]},"o":{"x":[0],"y":[0]}},{"s":[0.561,0.094,0.22,1],"t":129,"i":{"x":[1],"y":[1]},"o":{"x":[0],"y":[0]}},{"s":[0.812,0.553,0.165,1],"t":130,"i":{"x":[1],"y":[1]},"o":{"x":[0],"y":[0]}},{"s":[0.812,0.553,0.165,1],"t":139,"i":{"x":[1],"y":[1]},"o":{"x":[0],"y":[0]}},{"s":[0,0.49,0.737,1],"t":140,"i":{"x":[1],"y":[1]},"o":{"x":[0],"y":[0]}},{"s":[0,0.49,0.737,1],"t":148,"i":{"x":[1],"y":[1]},"o":{"x":[0],"y":[0]}},{"s":[0.953,0.427,0.145,1],"t":149,"i":{"x":[1],"y":[1]},"o":{"x":[0],"y":[0]}},{"s":[0.953,0.427,0.145,1],"t":159,"i":{"x":[1],"y":[1]},"o":{"x":[0],"y":[0]}},{"s":[0.365,0.733,0.275,1],"t":160,"i":{"x":[1],"y":[1]},"o":{"x":[0],"y":[0]}}]},"o":{"a":0,"k":100,"ix":5},"r":1,"bm":0,"nm":"Fill 1","mn":"ADBE Vector Graphic - Fill","hd":false},{"ty":"tr","p":{"a":0,"k":[0,0],"ix":2},"a":{"a":0,"k":[0,0],"ix":1},"s":{"a":0,"k":[100,100],"ix":3},"r":{"a":0,"k":0,"ix":6},"o":{"a":0,"k":100,"ix":7},"sk":{"a":0,"k":0,"ix":4},"sa":{"a":0,"k":0,"ix":5},"nm":"Transform"}],"nm":"5","np":2,"cix":2,"bm":0,"ix":1,"mn":"ADBE Vector Group","hd":false}],"ip":0,"op":384,"st":0,"bm":0},{"ddd":0,"ind":14,"ty":4,"nm":"Ring - 4","sr":1,"ks":{"o":{"a":0,"k":100,"ix":11},"r":{"a":0,"k":0,"ix":10},"p":{"a":0,"k":[618.72,790.099,0],"ix":2,"l":2},"a":{"a":0,"k":[395.988,269.089,0],"ix":1,"l":2},"s":{"a":0,"k":[2580,2580,100],"ix":6,"l":2}},"ao":0,"shapes":[{"ty":"gr","it":[{"ind":0,"ty":"sh","ix":1,"ks":{"a":0,"k":{"i":[[0,0],[0,0],[0.837,-0.189],[0,0],[-1.311,0.741]],"o":[[0,0],[-0.747,0.422],[0,0],[1.469,-0.331],[0,0]],"v":[[398.814,271.168],[395.552,265.395],[393.163,266.317],[394.62,272.784],[398.814,271.168]],"c":true},"ix":2},"nm":"Path 1","mn":"ADBE Vector Shape - Group","hd":false},{"ty":"fl","c":{"k":[{"s":[0.827,0.627,0.161,1],"t":9,"i":{"x":[1],"y":[1]},"o":{"x":[0],"y":[0]}},{"s":[0.561,0.094,0.22,1],"t":10,"i":{"x":[1],"y":[1]},"o":{"x":[0],"y":[0]}},{"s":[0.561,0.094,0.22,1],"t":19,"i":{"x":[1],"y":[1]},"o":{"x":[0],"y":[0]}},{"s":[0.812,0.553,0.165,1],"t":20,"i":{"x":[1],"y":[1]},"o":{"x":[0],"y":[0]}},{"s":[0.812,0.553,0.165,1],"t":29,"i":{"x":[1],"y":[1]},"o":{"x":[0],"y":[0]}},{"s":[0,0.49,0.737,1],"t":30,"i":{"x":[1],"y":[1]},"o":{"x":[0],"y":[0]}},{"s":[0,0.49,0.737,1],"t":39,"i":{"x":[1],"y":[1]},"o":{"x":[0],"y":[0]}},{"s":[0.953,0.427,0.145,1],"t":40,"i":{"x":[1],"y":[1]},"o":{"x":[0],"y":[0]}},{"s":[0.953,0.427,0.145,1],"t":49,"i":{"x":[1],"y":[1]},"o":{"x":[0],"y":[0]}},{"s":[0.365,0.733,0.275,1],"t":50,"i":{"x":[1],"y":[1]},"o":{"x":[0],"y":[0]}},{"s":[0.365,0.733,0.275,1],"t":59,"i":{"x":[1],"y":[1]},"o":{"x":[0],"y":[0]}},{"s":[0.992,0.718,0.075,1],"t":60,"i":{"x":[1],"y":[1]},"o":{"x":[0],"y":[0]}},{"s":[0.992,0.718,0.075,1],"t":69,"i":{"x":[1],"y":[1]},"o":{"x":[0],"y":[0]}},{"s":[0.282,0.467,0.243,1],"t":70,"i":{"x":[1],"y":[1]},"o":{"x":[0],"y":[0]}},{"s":[0.282,0.467,0.243,1],"t":79,"i":{"x":[1],"y":[1]},"o":{"x":[0],"y":[0]}},{"s":[0.922,0.11,0.176,1],"t":80,"i":{"x":[1],"y":[1]},"o":{"x":[0],"y":[0]}},{"s":[0.922,0.11,0.176,1],"t":89,"i":{"x":[1],"y":[1]},"o":{"x":[0],"y":[0]}},{"s":[0.882,0.078,0.518,1],"t":90,"i":{"x":[1],"y":[1]},"o":{"x":[0],"y":[0]}},{"s":[0.882,0.078,0.518,1],"t":99,"i":{"x":[1],"y":[1]},"o":{"x":[0],"y":[0]}},{"s":[0.827,0.627,0.161,1],"t":100,"i":{"x":[1],"y":[1]},"o":{"x":[0],"y":[0]}},{"s":[0.827,0.627,0.161,1],"t":109,"i":{"x":[1],"y":[1]},"o":{"x":[0],"y":[0]}},{"s":[0.561,0.094,0.22,1],"t":110,"i":{"x":[1],"y":[1]},"o":{"x":[0],"y":[0]}},{"s":[0.561,0.094,0.22,1],"t":119,"i":{"x":[1],"y":[1]},"o":{"x":[0],"y":[0]}},{"s":[0.812,0.553,0.165,1],"t":120,"i":{"x":[1],"y":[1]},"o":{"x":[0],"y":[0]}},{"s":[0.812,0.553,0.165,1],"t":129,"i":{"x":[1],"y":[1]},"o":{"x":[0],"y":[0]}},{"s":[0,0.49,0.737,1],"t":130,"i":{"x":[1],"y":[1]},"o":{"x":[0],"y":[0]}},{"s":[0,0.49,0.737,1],"t":139,"i":{"x":[1],"y":[1]},"o":{"x":[0],"y":[0]}},{"s":[0.953,0.427,0.145,1],"t":140,"i":{"x":[1],"y":[1]},"o":{"x":[0],"y":[0]}},{"s":[0.953,0.427,0.145,1],"t":148,"i":{"x":[1],"y":[1]},"o":{"x":[0],"y":[0]}},{"s":[0.365,0.733,0.275,1],"t":149,"i":{"x":[1],"y":[1]},"o":{"x":[0],"y":[0]}},{"s":[0.365,0.733,0.275,1],"t":159,"i":{"x":[1],"y":[1]},"o":{"x":[0],"y":[0]}},{"s":[0.992,0.718,0.075,1],"t":160,"i":{"x":[1],"y":[1]},"o":{"x":[0],"y":[0]}}]},"o":{"a":0,"k":100,"ix":5},"r":1,"bm":0,"nm":"Fill 1","mn":"ADBE Vector Graphic - Fill","hd":false},{"ty":"tr","p":{"a":0,"k":[0,0],"ix":2},"a":{"a":0,"k":[0,0],"ix":1},"s":{"a":0,"k":[100,100],"ix":3},"r":{"a":0,"k":0,"ix":6},"o":{"a":0,"k":100,"ix":7},"sk":{"a":0,"k":0,"ix":4},"sa":{"a":0,"k":0,"ix":5},"nm":"Transform"}],"nm":"4","np":2,"cix":2,"bm":0,"ix":1,"mn":"ADBE Vector Group","hd":false}],"ip":0,"op":384,"st":0,"bm":0},{"ddd":0,"ind":15,"ty":4,"nm":"Ring - 3","sr":1,"ks":{"o":{"a":0,"k":100,"ix":11},"r":{"a":0,"k":0,"ix":10},"p":{"a":0,"k":[712.899,734.434,0],"ix":2,"l":2},"a":{"a":0,"k":[399.639,266.932,0],"ix":1,"l":2},"s":{"a":0,"k":[2580,2580,100],"ix":6,"l":2}},"ao":0,"shapes":[{"ty":"gr","it":[{"ind":0,"ty":"sh","ix":1,"ks":{"a":0,"k":{"i":[[0,0],[0,0],[0.712,-0.479],[0,0],[-0.955,1.164]],"o":[[0,0],[-0.544,0.664],[0,0],[1.251,-0.839],[0,0]],"v":[[403.149,267.523],[398.023,263.318],[396.128,265.041],[399.823,270.546],[403.149,267.523]],"c":true},"ix":2},"nm":"Path 1","mn":"ADBE Vector Shape - Group","hd":false},{"ty":"fl","c":{"k":[{"s":[0.561,0.094,0.22,1],"t":9,"i":{"x":[1],"y":[1]},"o":{"x":[0],"y":[0]}},{"s":[0.812,0.553,0.165,1],"t":10,"i":{"x":[1],"y":[1]},"o":{"x":[0],"y":[0]}},{"s":[0.812,0.553,0.165,1],"t":19,"i":{"x":[1],"y":[1]},"o":{"x":[0],"y":[0]}},{"s":[0,0.49,0.737,1],"t":20,"i":{"x":[1],"y":[1]},"o":{"x":[0],"y":[0]}},{"s":[0,0.49,0.737,1],"t":29,"i":{"x":[1],"y":[1]},"o":{"x":[0],"y":[0]}},{"s":[0.953,0.427,0.145,1],"t":30,"i":{"x":[1],"y":[1]},"o":{"x":[0],"y":[0]}},{"s":[0.953,0.427,0.145,1],"t":39,"i":{"x":[1],"y":[1]},"o":{"x":[0],"y":[0]}},{"s":[0.365,0.733,0.275,1],"t":40,"i":{"x":[1],"y":[1]},"o":{"x":[0],"y":[0]}},{"s":[0.365,0.733,0.275,1],"t":49,"i":{"x":[1],"y":[1]},"o":{"x":[0],"y":[0]}},{"s":[0.992,0.718,0.075,1],"t":50,"i":{"x":[1],"y":[1]},"o":{"x":[0],"y":[0]}},{"s":[0.992,0.718,0.075,1],"t":59,"i":{"x":[1],"y":[1]},"o":{"x":[0],"y":[0]}},{"s":[0.282,0.467,0.243,1],"t":60,"i":{"x":[1],"y":[1]},"o":{"x":[0],"y":[0]}},{"s":[0.282,0.467,0.243,1],"t":69,"i":{"x":[1],"y":[1]},"o":{"x":[0],"y":[0]}},{"s":[0.922,0.11,0.176,1],"t":70,"i":{"x":[1],"y":[1]},"o":{"x":[0],"y":[0]}},{"s":[0.922,0.11,0.176,1],"t":79,"i":{"x":[1],"y":[1]},"o":{"x":[0],"y":[0]}},{"s":[0.882,0.078,0.518,1],"t":80,"i":{"x":[1],"y":[1]},"o":{"x":[0],"y":[0]}},{"s":[0.882,0.078,0.518,1],"t":89,"i":{"x":[1],"y":[1]},"o":{"x":[0],"y":[0]}},{"s":[0.827,0.627,0.161,1],"t":90,"i":{"x":[1],"y":[1]},"o":{"x":[0],"y":[0]}},{"s":[0.827,0.627,0.161,1],"t":99,"i":{"x":[1],"y":[1]},"o":{"x":[0],"y":[0]}},{"s":[0.561,0.094,0.22,1],"t":100,"i":{"x":[1],"y":[1]},"o":{"x":[0],"y":[0]}},{"s":[0.561,0.094,0.22,1],"t":109,"i":{"x":[1],"y":[1]},"o":{"x":[0],"y":[0]}},{"s":[0.812,0.553,0.165,1],"t":110,"i":{"x":[1],"y":[1]},"o":{"x":[0],"y":[0]}},{"s":[0.812,0.553,0.165,1],"t":119,"i":{"x":[1],"y":[1]},"o":{"x":[0],"y":[0]}},{"s":[0,0.49,0.737,1],"t":120,"i":{"x":[1],"y":[1]},"o":{"x":[0],"y":[0]}},{"s":[0,0.49,0.737,1],"t":129,"i":{"x":[1],"y":[1]},"o":{"x":[0],"y":[0]}},{"s":[0.953,0.427,0.145,1],"t":130,"i":{"x":[1],"y":[1]},"o":{"x":[0],"y":[0]}},{"s":[0.953,0.427,0.145,1],"t":139,"i":{"x":[1],"y":[1]},"o":{"x":[0],"y":[0]}},{"s":[0.365,0.733,0.275,1],"t":140,"i":{"x":[1],"y":[1]},"o":{"x":[0],"y":[0]}},{"s":[0.365,0.733,0.275,1],"t":148,"i":{"x":[1],"y":[1]},"o":{"x":[0],"y":[0]}},{"s":[0.992,0.718,0.075,1],"t":149,"i":{"x":[1],"y":[1]},"o":{"x":[0],"y":[0]}},{"s":[0.992,0.718,0.075,1],"t":159,"i":{"x":[1],"y":[1]},"o":{"x":[0],"y":[0]}},{"s":[0.282,0.467,0.243,1],"t":160,"i":{"x":[1],"y":[1]},"o":{"x":[0],"y":[0]}}]},"o":{"a":0,"k":100,"ix":5},"r":1,"bm":0,"nm":"Fill 1","mn":"ADBE Vector Graphic - Fill","hd":false},{"ty":"tr","p":{"a":0,"k":[0,0],"ix":2},"a":{"a":0,"k":[0,0],"ix":1},"s":{"a":0,"k":[100,100],"ix":3},"r":{"a":0,"k":0,"ix":6},"o":{"a":0,"k":100,"ix":7},"sk":{"a":0,"k":0,"ix":4},"sa":{"a":0,"k":0,"ix":5},"nm":"Transform"}],"nm":"3","np":2,"cix":2,"bm":0,"ix":1,"mn":"ADBE Vector Group","hd":false}],"ip":0,"op":384,"st":0,"bm":0},{"ddd":0,"ind":16,"ty":4,"nm":"Ring - 2","sr":1,"ks":{"o":{"a":0,"k":100,"ix":11},"r":{"a":0,"k":0,"ix":10},"p":{"a":0,"k":[777.79,646.77,0],"ix":2,"l":2},"a":{"a":0,"k":[402.154,263.534,0],"ix":1,"l":2},"s":{"a":0,"k":[2580,2580,100],"ix":6,"l":2}},"ao":0,"shapes":[{"ty":"gr","it":[{"ind":0,"ty":"sh","ix":1,"ks":{"a":0,"k":{"i":[[0,0],[0,0],[0.491,-0.704],[0,0],[-0.47,1.431]],"o":[[0,0],[-0.268,0.815],[0,0],[0.863,-1.234],[0,0]],"v":[[405.876,262.559],[399.576,260.49],[398.432,262.78],[403.866,266.578],[405.876,262.559]],"c":true},"ix":2},"nm":"Path 1","mn":"ADBE Vector Shape - Group","hd":false},{"ty":"fl","c":{"k":[{"s":[0.812,0.553,0.165,1],"t":9,"i":{"x":[1],"y":[1]},"o":{"x":[0],"y":[0]}},{"s":[0,0.49,0.737,1],"t":10,"i":{"x":[1],"y":[1]},"o":{"x":[0],"y":[0]}},{"s":[0,0.49,0.737,1],"t":19,"i":{"x":[1],"y":[1]},"o":{"x":[0],"y":[0]}},{"s":[0.953,0.427,0.145,1],"t":20,"i":{"x":[1],"y":[1]},"o":{"x":[0],"y":[0]}},{"s":[0.953,0.427,0.145,1],"t":29,"i":{"x":[1],"y":[1]},"o":{"x":[0],"y":[0]}},{"s":[0.365,0.733,0.275,1],"t":30,"i":{"x":[1],"y":[1]},"o":{"x":[0],"y":[0]}},{"s":[0.365,0.733,0.275,1],"t":39,"i":{"x":[1],"y":[1]},"o":{"x":[0],"y":[0]}},{"s":[0.992,0.718,0.075,1],"t":40,"i":{"x":[1],"y":[1]},"o":{"x":[0],"y":[0]}},{"s":[0.992,0.718,0.075,1],"t":49,"i":{"x":[1],"y":[1]},"o":{"x":[0],"y":[0]}},{"s":[0.282,0.467,0.243,1],"t":50,"i":{"x":[1],"y":[1]},"o":{"x":[0],"y":[0]}},{"s":[0.282,0.467,0.243,1],"t":59,"i":{"x":[1],"y":[1]},"o":{"x":[0],"y":[0]}},{"s":[0.922,0.11,0.176,1],"t":60,"i":{"x":[1],"y":[1]},"o":{"x":[0],"y":[0]}},{"s":[0.922,0.11,0.176,1],"t":69,"i":{"x":[1],"y":[1]},"o":{"x":[0],"y":[0]}},{"s":[0.882,0.078,0.518,1],"t":70,"i":{"x":[1],"y":[1]},"o":{"x":[0],"y":[0]}},{"s":[0.882,0.078,0.518,1],"t":79,"i":{"x":[1],"y":[1]},"o":{"x":[0],"y":[0]}},{"s":[0.827,0.627,0.161,1],"t":80,"i":{"x":[1],"y":[1]},"o":{"x":[0],"y":[0]}},{"s":[0.827,0.627,0.161,1],"t":89,"i":{"x":[1],"y":[1]},"o":{"x":[0],"y":[0]}},{"s":[0.561,0.094,0.22,1],"t":90,"i":{"x":[1],"y":[1]},"o":{"x":[0],"y":[0]}},{"s":[0.561,0.094,0.22,1],"t":99,"i":{"x":[1],"y":[1]},"o":{"x":[0],"y":[0]}},{"s":[0.812,0.553,0.165,1],"t":100,"i":{"x":[1],"y":[1]},"o":{"x":[0],"y":[0]}},{"s":[0.812,0.553,0.165,1],"t":109,"i":{"x":[1],"y":[1]},"o":{"x":[0],"y":[0]}},{"s":[0,0.49,0.737,1],"t":110,"i":{"x":[1],"y":[1]},"o":{"x":[0],"y":[0]}},{"s":[0,0.49,0.737,1],"t":119,"i":{"x":[1],"y":[1]},"o":{"x":[0],"y":[0]}},{"s":[0.953,0.427,0.145,1],"t":120,"i":{"x":[1],"y":[1]},"o":{"x":[0],"y":[0]}},{"s":[0.953,0.427,0.145,1],"t":129,"i":{"x":[1],"y":[1]},"o":{"x":[0],"y":[0]}},{"s":[0.365,0.733,0.275,1],"t":130,"i":{"x":[1],"y":[1]},"o":{"x":[0],"y":[0]}},{"s":[0.365,0.733,0.275,1],"t":139,"i":{"x":[1],"y":[1]},"o":{"x":[0],"y":[0]}},{"s":[0.992,0.718,0.075,1],"t":140,"i":{"x":[1],"y":[1]},"o":{"x":[0],"y":[0]}},{"s":[0.992,0.718,0.075,1],"t":148,"i":{"x":[1],"y":[1]},"o":{"x":[0],"y":[0]}},{"s":[0.282,0.467,0.243,1],"t":149,"i":{"x":[1],"y":[1]},"o":{"x":[0],"y":[0]}},{"s":[0.282,0.467,0.243,1],"t":159,"i":{"x":[1],"y":[1]},"o":{"x":[0],"y":[0]}},{"s":[0.922,0.11,0.176,1],"t":160,"i":{"x":[1],"y":[1]},"o":{"x":[0],"y":[0]}}]},"o":{"a":0,"k":100,"ix":5},"r":1,"bm":0,"nm":"Fill 1","mn":"ADBE Vector Graphic - Fill","hd":false},{"ty":"tr","p":{"a":0,"k":[0,0],"ix":2},"a":{"a":0,"k":[0,0],"ix":1},"s":{"a":0,"k":[100,100],"ix":3},"r":{"a":0,"k":0,"ix":6},"o":{"a":0,"k":100,"ix":7},"sk":{"a":0,"k":0,"ix":4},"sa":{"a":0,"k":0,"ix":5},"nm":"Transform"}],"nm":"2","np":2,"cix":2,"bm":0,"ix":1,"mn":"ADBE Vector Group","hd":false}],"ip":0,"op":384,"st":0,"bm":0},{"ddd":0,"ind":17,"ty":4,"nm":"Ring - 1","sr":1,"ks":{"o":{"a":0,"k":100,"ix":11},"r":{"a":0,"k":0,"ix":10},"p":{"a":0,"k":[804.902,534.482,0],"ix":2,"l":2},"a":{"a":0,"k":[403.205,259.182,0],"ix":1,"l":2},"s":{"a":0,"k":[2580,2580,100],"ix":6,"l":2}},"ao":0,"shapes":[{"ty":"gr","it":[{"ind":0,"ty":"sh","ix":1,"ks":{"a":0,"k":{"i":[[0,0],[0,0],[0.204,-0.834],[0,0],[0.079,1.504]],"o":[[0,0],[0.045,0.857],[0,0],[0.359,-1.463],[0,0]],"v":[[406.625,256.945],[400.003,257.291],[399.764,259.84],[406.203,261.419],[406.625,256.945]],"c":true},"ix":2},"nm":"Path 1","mn":"ADBE Vector Shape - Group","hd":false},{"ty":"fl","c":{"k":[{"s":[0,0.49,0.737,1],"t":9,"i":{"x":[1],"y":[1]},"o":{"x":[0],"y":[0]}},{"s":[0.953,0.427,0.145,1],"t":10,"i":{"x":[1],"y":[1]},"o":{"x":[0],"y":[0]}},{"s":[0.953,0.427,0.145,1],"t":19,"i":{"x":[1],"y":[1]},"o":{"x":[0],"y":[0]}},{"s":[0.365,0.733,0.275,1],"t":20,"i":{"x":[1],"y":[1]},"o":{"x":[0],"y":[0]}},{"s":[0.365,0.733,0.275,1],"t":29,"i":{"x":[1],"y":[1]},"o":{"x":[0],"y":[0]}},{"s":[0.992,0.718,0.075,1],"t":30,"i":{"x":[1],"y":[1]},"o":{"x":[0],"y":[0]}},{"s":[0.992,0.718,0.075,1],"t":39,"i":{"x":[1],"y":[1]},"o":{"x":[0],"y":[0]}},{"s":[0.282,0.467,0.243,1],"t":40,"i":{"x":[1],"y":[1]},"o":{"x":[0],"y":[0]}},{"s":[0.282,0.467,0.243,1],"t":50,"i":{"x":[1],"y":[1]},"o":{"x":[0],"y":[0]}},{"s":[0.922,0.11,0.176,1],"t":51,"i":{"x":[1],"y":[1]},"o":{"x":[0],"y":[0]}},{"s":[0.922,0.11,0.176,1],"t":59,"i":{"x":[1],"y":[1]},"o":{"x":[0],"y":[0]}},{"s":[0.882,0.078,0.518,1],"t":60,"i":{"x":[1],"y":[1]},"o":{"x":[0],"y":[0]}},{"s":[0.882,0.078,0.518,1],"t":69,"i":{"x":[1],"y":[1]},"o":{"x":[0],"y":[0]}},{"s":[0.827,0.627,0.161,1],"t":70,"i":{"x":[1],"y":[1]},"o":{"x":[0],"y":[0]}},{"s":[0.827,0.627,0.161,1],"t":79,"i":{"x":[1],"y":[1]},"o":{"x":[0],"y":[0]}},{"s":[0.561,0.094,0.22,1],"t":80,"i":{"x":[1],"y":[1]},"o":{"x":[0],"y":[0]}},{"s":[0.561,0.094,0.22,1],"t":89,"i":{"x":[1],"y":[1]},"o":{"x":[0],"y":[0]}},{"s":[0.812,0.553,0.165,1],"t":90,"i":{"x":[1],"y":[1]},"o":{"x":[0],"y":[0]}},{"s":[0.812,0.553,0.165,1],"t":99,"i":{"x":[1],"y":[1]},"o":{"x":[0],"y":[0]}},{"s":[0,0.49,0.737,1],"t":100,"i":{"x":[1],"y":[1]},"o":{"x":[0],"y":[0]}},{"s":[0,0.49,0.737,1],"t":109,"i":{"x":[1],"y":[1]},"o":{"x":[0],"y":[0]}},{"s":[0.953,0.427,0.145,1],"t":110,"i":{"x":[1],"y":[1]},"o":{"x":[0],"y":[0]}},{"s":[0.953,0.427,0.145,1],"t":119,"i":{"x":[1],"y":[1]},"o":{"x":[0],"y":[0]}},{"s":[0.365,0.733,0.275,1],"t":120,"i":{"x":[1],"y":[1]},"o":{"x":[0],"y":[0]}},{"s":[0.365,0.733,0.275,1],"t":129,"i":{"x":[1],"y":[1]},"o":{"x":[0],"y":[0]}},{"s":[0.992,0.718,0.075,1],"t":130,"i":{"x":[1],"y":[1]},"o":{"x":[0],"y":[0]}},{"s":[0.992,0.718,0.075,1],"t":139,"i":{"x":[1],"y":[1]},"o":{"x":[0],"y":[0]}},{"s":[0.282,0.467,0.243,1],"t":140,"i":{"x":[1],"y":[1]},"o":{"x":[0],"y":[0]}},{"s":[0.282,0.467,0.243,1],"t":148,"i":{"x":[1],"y":[1]},"o":{"x":[0],"y":[0]}},{"s":[0.922,0.11,0.176,1],"t":149,"i":{"x":[1],"y":[1]},"o":{"x":[0],"y":[0]}},{"s":[0.922,0.11,0.176,1],"t":159,"i":{"x":[1],"y":[1]},"o":{"x":[0],"y":[0]}},{"s":[0.882,0.078,0.518,1],"t":160,"i":{"x":[1],"y":[1]},"o":{"x":[0],"y":[0]}}]},"o":{"a":0,"k":100,"ix":5},"r":1,"bm":0,"nm":"Fill 1","mn":"ADBE Vector Graphic - Fill","hd":false},{"ty":"tr","p":{"a":0,"k":[0,0],"ix":2},"a":{"a":0,"k":[0,0],"ix":1},"s":{"a":0,"k":[100,100],"ix":3},"r":{"a":0,"k":0,"ix":6},"o":{"a":0,"k":100,"ix":7},"sk":{"a":0,"k":0,"ix":4},"sa":{"a":0,"k":0,"ix":5},"nm":"Transform"}],"nm":"1","np":2,"cix":2,"bm":0,"ix":1,"mn":"ADBE Vector Group","hd":false}],"ip":0,"op":384,"st":0,"bm":0}],"markers":[{"tm":0,"cm":"1","dr":0},{"tm":10,"cm":"2","dr":0},{"tm":20,"cm":"3","dr":0},{"tm":30,"cm":"4","dr":0},{"tm":40,"cm":"5","dr":0},{"tm":50,"cm":"6","dr":0},{"tm":60,"cm":"7","dr":0},{"tm":70,"cm":"8","dr":0},{"tm":80,"cm":"9","dr":0},{"tm":90,"cm":"10","dr":0},{"tm":100,"cm":"11","dr":0},{"tm":110,"cm":"12","dr":0},{"tm":120,"cm":"13","dr":0},{"tm":130,"cm":"14","dr":0},{"tm":140,"cm":"15","dr":0},{"tm":149,"cm":"16","dr":0},{"tm":160,"cm":"17","dr":0}]}